#
# There is insufficient memory for the Java Runtime Environment to continue.
# Native memory allocation (malloc) failed to allocate 1333696 bytes. Error detail: Chunk::new
# Possible reasons:
#   The system is out of physical RAM or swap space
#   This process is running with CompressedOops enabled, and the Java Heap may be blocking the growth of the native heap
# Possible solutions:
#   Reduce memory load on the system
#   Increase physical memory or swap space
#   Check if swap backing store is full
#   Decrease Java heap size (-Xmx/-Xms)
#   Decrease number of Java threads
#   Decrease Java thread stack sizes (-Xss)
#   Set larger code cache with -XX:ReservedCodeCacheSize=
#   JVM is running with Unscaled Compressed Oops mode in which the Java heap is
#     placed in the first 4GB address space. The Java Heap base address is the
#     maximum limit for the native heap growth. Please use -XX:HeapBaseMinAddress
#     to set the Java Heap base and to place the Java Heap above 4GB virtual address.
# This output file may be truncated or incomplete.
#
#  Out of Memory Error (arena.cpp:168), pid=38892, tid=36524
#
# JRE version: OpenJDK Runtime Environment Temurin-21.0.12.1+1 (21.0.12.1+1) (build 21.0.12.1+1-LTS)
# Java VM: OpenJDK 64-Bit Server VM Temurin-21.0.12.1+1 (21.0.12.1+1-LTS, mixed mode, sharing, tiered, compressed oops, compressed class ptrs, g1 gc, windows-amd64)
# No core dump will be written. Minidumps are not enabled by default on client versions of Windows
#

---------------  S U M M A R Y ------------

Command Line: --add-opens=java.base/java.lang=ALL-UNNAMED --add-opens=java.base/java.lang.invoke=ALL-UNNAMED --add-opens=java.base/java.util=ALL-UNNAMED --add-opens=java.prefs/java.util.prefs=ALL-UNNAMED --add-exports=jdk.compiler/com.sun.tools.javac.api=ALL-UNNAMED --add-exports=jdk.compiler/com.sun.tools.javac.util=ALL-UNNAMED --add-opens=java.base/java.util=ALL-UNNAMED --add-opens=java.prefs/java.util.prefs=ALL-UNNAMED --add-opens=java.base/java.nio.charset=ALL-UNNAMED --add-opens=java.base/java.net=ALL-UNNAMED --add-opens=java.base/java.util.concurrent.atomic=ALL-UNNAMED --add-opens=java.xml/javax.xml.namespace=ALL-UNNAMED -XX:MaxMetaspaceSize=384m -XX:+HeapDumpOnOutOfMemoryError -Xms256m -Xmx512m -Dfile.encoding=UTF-8 -Duser.country=KR -Duser.language=ko -Duser.variant -javaagent:C:\Users\wogud\.gradle\wrapper\dists\gradle-8.14.4-bin\92wwslzcyst3phie3o264zltu\gradle-8.14.4\lib\agents\gradle-instrumentation-agent-8.14.4.jar org.gradle.launcher.daemon.bootstrap.GradleDaemon 8.14.4

Host: Intel(R) Core(TM) Ultra 7 256V, 8 cores, 15G,  Windows 11 , 64 bit Build 26100 (10.0.26100.9168)
Time: Fri Sep  4 16:16:41 2026 elapsed time: 932.327069 seconds (0d 0h 15m 32s)

---------------  T H R E A D  ---------------

Current thread (0x0000020099382230):  JavaThread "C2 CompilerThread0" daemon [_thread_in_native, id=36524, stack(0x0000001129000000,0x0000001129100000) (1024K)]


Current CompileTask:
C2:932327 7539 %     4       org.gradle.internal.instantiation.generator.AbstractClassGenerator::inspectType @ 107 (602 bytes)

Stack: [0x0000001129000000,0x0000001129100000]
Native frames: (J=compiled Java code, j=interpreted, Vv=VM code, C=native code)
V  [jvm.dll+0x6d83e9]
V  [jvm.dll+0x8b5736]
V  [jvm.dll+0x8b7cee]
V  [jvm.dll+0x8b83d3]
V  [jvm.dll+0x284596]
V  [jvm.dll+0xc685d]
V  [jvm.dll+0xc6da1]
V  [jvm.dll+0x2fb5ae]
V  [jvm.dll+0x5fee94]
V  [jvm.dll+0x255d67]
V  [jvm.dll+0x24e2ca]
V  [jvm.dll+0x24bbe6]
V  [jvm.dll+0x1cb4ae]
V  [jvm.dll+0x25baad]
V  [jvm.dll+0x25a03a]
V  [jvm.dll+0x3f8aae]
V  [jvm.dll+0x8600cd]
V  [jvm.dll+0x6d6c1d]
C  [ucrtbase.dll+0x2cd30]
C  [KERNEL32.DLL+0x2ccb7]
C  [ntdll.dll+0xaad6c]


---------------  P R O C E S S  ---------------

Threads class SMR info:
_java_thread_list=0x00000200b5d0ebb0, length=60, elements={
0x00000200839bfb40, 0x0000020099379c50, 0x000002009937b3d0, 0x000002009937e860,
0x000002009937f2c0, 0x000002009937fd20, 0x0000020099380780, 0x0000020099382230,
0x000002009938ecb0, 0x00000200995eff10, 0x00000200996055e0, 0x00000200b39b9c00,
0x00000200b3e13010, 0x00000200b33c0ff0, 0x00000200b33bfc40, 0x00000200b33c1d10,
0x00000200b33c23a0, 0x00000200b33c02d0, 0x00000200b33c0960, 0x00000200b33bef20,
0x00000200b33bf5b0, 0x00000200b4401f30, 0x00000200b4402c50, 0x00000200b44032e0,
0x00000200b44025c0, 0x00000200b4401210, 0x00000200b43ffe60, 0x00000200b4403970,
0x00000200b44018a0, 0x00000200b43ff7d0, 0x00000200b4406760, 0x00000200b44060d0,
0x00000200b4404000, 0x00000200b4404d20, 0x00000200b44053b0, 0x00000200b4405a40,
0x00000200b682b3d0, 0x00000200b682ba60, 0x00000200b682ce10, 0x00000200b682c780,
0x00000200b682d4a0, 0x00000200b682db30, 0x00000200b682a6b0, 0x00000200b6830920,
0x00000200b682e1c0, 0x00000200b682fc00, 0x00000200b6830fb0, 0x00000200b682f570,
0x00000200b6831640, 0x00000200b682e850, 0x00000200b682eee0, 0x00000200b6830290,
0x00000200b44004f0, 0x00000200b592a6f0, 0x00000200b592ad80, 0x00000200b592d4e0,
0x00000200b592a060, 0x00000200b592baa0, 0x00000200b592db70, 0x00000200b592e890
}

Java Threads: ( => current thread )
  0x00000200839bfb40 JavaThread "main"                              [_thread_blocked, id=16612, stack(0x0000001128200000,0x0000001128300000) (1024K)]
  0x0000020099379c50 JavaThread "Reference Handler"          daemon [_thread_blocked, id=38648, stack(0x0000001128a00000,0x0000001128b00000) (1024K)]
  0x000002009937b3d0 JavaThread "Finalizer"                  daemon [_thread_blocked, id=38888, stack(0x0000001128b00000,0x0000001128c00000) (1024K)]
  0x000002009937e860 JavaThread "Signal Dispatcher"          daemon [_thread_blocked, id=37324, stack(0x0000001128c00000,0x0000001128d00000) (1024K)]
  0x000002009937f2c0 JavaThread "Attach Listener"            daemon [_thread_blocked, id=29236, stack(0x0000001128d00000,0x0000001128e00000) (1024K)]
  0x000002009937fd20 JavaThread "Service Thread"             daemon [_thread_blocked, id=28452, stack(0x0000001128e00000,0x0000001128f00000) (1024K)]
  0x0000020099380780 JavaThread "Monitor Deflation Thread"   daemon [_thread_blocked, id=35440, stack(0x0000001128f00000,0x0000001129000000) (1024K)]
=>0x0000020099382230 JavaThread "C2 CompilerThread0"         daemon [_thread_in_native, id=36524, stack(0x0000001129000000,0x0000001129100000) (1024K)]
  0x000002009938ecb0 JavaThread "C1 CompilerThread0"         daemon [_thread_blocked, id=38824, stack(0x0000001129100000,0x0000001129200000) (1024K)]
  0x00000200995eff10 JavaThread "Common-Cleaner"             daemon [_thread_blocked, id=12824, stack(0x0000001129200000,0x0000001129300000) (1024K)]
  0x00000200996055e0 JavaThread "Notification Thread"        daemon [_thread_blocked, id=40040, stack(0x0000001129300000,0x0000001129400000) (1024K)]
  0x00000200b39b9c00 JavaThread "Daemon health stats"               [_thread_blocked, id=36084, stack(0x0000001129900000,0x0000001129a00000) (1024K)]
  0x00000200b3e13010 JavaThread "Incoming local TCP Connector on port 49809"        [_thread_in_native, id=43276, stack(0x0000001129c00000,0x0000001129d00000) (1024K)]
  0x00000200b33c0ff0 JavaThread "Daemon periodic checks"            [_thread_blocked, id=40704, stack(0x0000001129d00000,0x0000001129e00000) (1024K)]
  0x00000200b33bfc40 JavaThread "Daemon"                            [_thread_blocked, id=33984, stack(0x0000001129e00000,0x0000001129f00000) (1024K)]
  0x00000200b33c1d10 JavaThread "Handler for socket connection from /127.0.0.1:49809 to /127.0.0.1:49919"        [_thread_in_native, id=43224, stack(0x0000001129f00000,0x000000112a000000) (1024K)]
  0x00000200b33c23a0 JavaThread "Cancel handler"                    [_thread_blocked, id=38980, stack(0x000000112a000000,0x000000112a100000) (1024K)]
  0x00000200b33c02d0 JavaThread "Daemon worker"                     [_thread_in_vm, id=44064, stack(0x000000112a100000,0x000000112a200000) (1024K)]
  0x00000200b33c0960 JavaThread "Asynchronous log dispatcher for DefaultDaemonConnection: socket connection from /127.0.0.1:49809 to /127.0.0.1:49919"        [_thread_blocked, id=44244, stack(0x000000112a200000,0x000000112a300000) (1024K)]
  0x00000200b33bef20 JavaThread "Stdin handler"                     [_thread_blocked, id=44248, stack(0x000000112a300000,0x000000112a400000) (1024K)]
  0x00000200b33bf5b0 JavaThread "Daemon client event forwarder"        [_thread_blocked, id=44252, stack(0x000000112a400000,0x000000112a500000) (1024K)]
  0x00000200b4401f30 JavaThread "Cache worker for journal cache (C:\Users\wogud\.gradle\caches\journal-1)"        [_thread_blocked, id=44756, stack(0x000000112a500000,0x000000112a600000) (1024K)]
  0x00000200b4402c50 JavaThread "File lock request listener"        [_thread_in_native, id=45032, stack(0x000000112a600000,0x000000112a700000) (1024K)]
  0x00000200b44032e0 JavaThread "Cache worker for file hash cache (C:\Users\wogud\.gradle\caches\8.14.4\fileHashes)"        [_thread_blocked, id=44864, stack(0x000000112a900000,0x000000112aa00000) (1024K)]
  0x00000200b44025c0 JavaThread "Cache worker for file hash cache (C:\Users\wogud\OneDrive\바탕 화면\cpaston_project\.gradle\8.14.4\fileHashes)"        [_thread_blocked, id=23820, stack(0x000000112aa00000,0x000000112ab00000) (1024K)]
  0x00000200b4401210 JavaThread "Cache worker for Build Output Cleanup Cache (C:\Users\wogud\OneDrive\바탕 화면\cpaston_project\.gradle\buildOutputCleanup)"        [_thread_blocked, id=44020, stack(0x000000112ab00000,0x000000112ac00000) (1024K)]
  0x00000200b43ffe60 JavaThread "File watcher server"        daemon [_thread_in_native, id=43368, stack(0x000000112ac00000,0x000000112ad00000) (1024K)]
  0x00000200b4403970 JavaThread "File watcher consumer"      daemon [_thread_blocked, id=40888, stack(0x000000112ad00000,0x000000112ae00000) (1024K)]
  0x00000200b44018a0 JavaThread "jar transforms"                    [_thread_blocked, id=46104, stack(0x0000001128000000,0x0000001128100000) (1024K)]
  0x00000200b43ff7d0 JavaThread "jar transforms Thread 2"           [_thread_blocked, id=27844, stack(0x0000001128100000,0x0000001128200000) (1024K)]
  0x00000200b4406760 JavaThread "Cache worker for checksums cache (C:\Users\wogud\OneDrive\바탕 화면\cpaston_project\.gradle\8.14.4\checksums)"        [_thread_blocked, id=29692, stack(0x000000112b000000,0x000000112b100000) (1024K)]
  0x00000200b44060d0 JavaThread "Cache worker for file content cache (C:\Users\wogud\.gradle\caches\8.14.4\fileContent)"        [_thread_blocked, id=37756, stack(0x000000112ae00000,0x000000112af00000) (1024K)]
  0x00000200b4404000 JavaThread "jar transforms Thread 3"           [_thread_blocked, id=47364, stack(0x000000112af00000,0x000000112b000000) (1024K)]
  0x00000200b4404d20 JavaThread "jar transforms Thread 4"           [_thread_blocked, id=45272, stack(0x000000112b100000,0x000000112b200000) (1024K)]
  0x00000200b44053b0 JavaThread "Cache worker for cache directory md-supplier (C:\Users\wogud\.gradle\caches\8.14.4\md-supplier)"        [_thread_blocked, id=48436, stack(0x000000112b200000,0x000000112b300000) (1024K)]
  0x00000200b4405a40 JavaThread "Cache worker for cache directory md-rule (C:\Users\wogud\.gradle\caches\8.14.4\md-rule)"        [_thread_blocked, id=49076, stack(0x000000112b300000,0x000000112b400000) (1024K)]
  0x00000200b682b3d0 JavaThread "File lock release action executor Thread 4"        [_thread_blocked, id=49164, stack(0x0000001127f00000,0x0000001128000000) (1024K)]
  0x00000200b682ba60 JavaThread "jar transforms Thread 5"           [_thread_blocked, id=38596, stack(0x000000112a700000,0x000000112a800000) (1024K)]
  0x00000200b682ce10 JavaThread "Unconstrained build operations"        [_thread_blocked, id=43384, stack(0x000000112b500000,0x000000112b600000) (1024K)]
  0x00000200b682c780 JavaThread "Unconstrained build operations Thread 2"        [_thread_blocked, id=35872, stack(0x000000112b600000,0x000000112b700000) (1024K)]
  0x00000200b682d4a0 JavaThread "Unconstrained build operations Thread 3"        [_thread_blocked, id=13108, stack(0x000000112b700000,0x000000112b800000) (1024K)]
  0x00000200b682db30 JavaThread "Unconstrained build operations Thread 4"        [_thread_blocked, id=27852, stack(0x000000112b800000,0x000000112b900000) (1024K)]
  0x00000200b682a6b0 JavaThread "Unconstrained build operations Thread 5"        [_thread_blocked, id=35708, stack(0x000000112b900000,0x000000112ba00000) (1024K)]
  0x00000200b6830920 JavaThread "Unconstrained build operations Thread 6"        [_thread_blocked, id=46612, stack(0x000000112ba00000,0x000000112bb00000) (1024K)]
  0x00000200b682e1c0 JavaThread "Unconstrained build operations Thread 7"        [_thread_blocked, id=33072, stack(0x000000112bb00000,0x000000112bc00000) (1024K)]
  0x00000200b682fc00 JavaThread "Unconstrained build operations Thread 8"        [_thread_blocked, id=40876, stack(0x000000112bc00000,0x000000112bd00000) (1024K)]
  0x00000200b6830fb0 JavaThread "Unconstrained build operations Thread 9"        [_thread_blocked, id=40940, stack(0x000000112bd00000,0x000000112be00000) (1024K)]
  0x00000200b682f570 JavaThread "Unconstrained build operations Thread 10"        [_thread_blocked, id=16856, stack(0x000000112be00000,0x000000112bf00000) (1024K)]
  0x00000200b6831640 JavaThread "Unconstrained build operations Thread 11"        [_thread_blocked, id=37136, stack(0x000000112bf00000,0x000000112c000000) (1024K)]
  0x00000200b682e850 JavaThread "Unconstrained build operations Thread 12"        [_thread_blocked, id=43960, stack(0x000000112c000000,0x000000112c100000) (1024K)]
  0x00000200b682eee0 JavaThread "Unconstrained build operations Thread 13"        [_thread_blocked, id=43688, stack(0x000000112c100000,0x000000112c200000) (1024K)]
  0x00000200b6830290 JavaThread "Unconstrained build operations Thread 14"        [_thread_blocked, id=12404, stack(0x000000112c200000,0x000000112c300000) (1024K)]
  0x00000200b44004f0 JavaThread "Unconstrained build operations Thread 15"        [_thread_blocked, id=32832, stack(0x000000112b400000,0x000000112b500000) (1024K)]
  0x00000200b592a6f0 JavaThread "Unconstrained build operations Thread 16"        [_thread_blocked, id=28236, stack(0x000000112c300000,0x000000112c400000) (1024K)]
  0x00000200b592ad80 JavaThread "Unconstrained build operations Thread 17"        [_thread_blocked, id=3564, stack(0x000000112c400000,0x000000112c500000) (1024K)]
  0x00000200b592d4e0 JavaThread "Unconstrained build operations Thread 18"        [_thread_blocked, id=47004, stack(0x000000112c500000,0x000000112c600000) (1024K)]
  0x00000200b592a060 JavaThread "Unconstrained build operations Thread 19"        [_thread_blocked, id=42872, stack(0x000000112c600000,0x000000112c700000) (1024K)]
  0x00000200b592baa0 JavaThread "Unconstrained build operations Thread 20"        [_thread_blocked, id=43024, stack(0x000000112c700000,0x000000112c800000) (1024K)]
  0x00000200b592db70 JavaThread "Unconstrained build operations Thread 21"        [_thread_blocked, id=28448, stack(0x000000112c800000,0x000000112c900000) (1024K)]
  0x00000200b592e890 JavaThread "Memory manager"                    [_thread_blocked, id=47384, stack(0x000000112c900000,0x000000112ca00000) (1024K)]
Total: 60

Other Threads:
  0x0000020099352b20 VMThread "VM Thread"                           [id=19300, stack(0x0000001128900000,0x0000001128a00000) (1024K)]
  0x0000020099346c10 WatcherThread "VM Periodic Task Thread"        [id=34848, stack(0x0000001128800000,0x0000001128900000) (1024K)]
  0x00000200839eb3e0 WorkerThread "GC Thread#0"                     [id=15204, stack(0x0000001128300000,0x0000001128400000) (1024K)]
  0x000002009943c9d0 WorkerThread "GC Thread#1"                     [id=36148, stack(0x0000001129400000,0x0000001129500000) (1024K)]
  0x000002009943cd80 WorkerThread "GC Thread#2"                     [id=22668, stack(0x0000001129500000,0x0000001129600000) (1024K)]
  0x000002009943d130 WorkerThread "GC Thread#3"                     [id=36260, stack(0x0000001129600000,0x0000001129700000) (1024K)]
  0x000002009943d4e0 WorkerThread "GC Thread#4"                     [id=36264, stack(0x0000001129700000,0x0000001129800000) (1024K)]
  0x000002009943d890 WorkerThread "GC Thread#5"                     [id=36252, stack(0x0000001129800000,0x0000001129900000) (1024K)]
  0x0000020099e545f0 WorkerThread "GC Thread#6"                     [id=43820, stack(0x0000001129a00000,0x0000001129b00000) (1024K)]
  0x0000020099e549a0 WorkerThread "GC Thread#7"                     [id=43824, stack(0x0000001129b00000,0x0000001129c00000) (1024K)]
  0x00000200839f0af0 ConcurrentGCThread "G1 Main Marker"            [id=31100, stack(0x0000001128400000,0x0000001128500000) (1024K)]
  0x00000200839f1510 WorkerThread "G1 Conc#0"                       [id=29896, stack(0x0000001128500000,0x0000001128600000) (1024K)]
  0x00000200b489b820 WorkerThread "G1 Conc#1"                       [id=38820, stack(0x000000112a800000,0x000000112a900000) (1024K)]
  0x00000200992101d0 ConcurrentGCThread "G1 Refine#0"               [id=31040, stack(0x0000001128600000,0x0000001128700000) (1024K)]
  0x0000020099210b60 ConcurrentGCThread "G1 Service"                [id=9228, stack(0x0000001128700000,0x0000001128800000) (1024K)]
Total: 15

Threads with active compile tasks:
C2 CompilerThread0  932355 7539 %     4       org.gradle.internal.instantiation.generator.AbstractClassGenerator::inspectType @ 107 (602 bytes)
Total: 1

VM state: not at safepoint (normal execution)

VM Mutex/Monitor currently owned by a thread:  ([mutex/lock_event])
[0x00007ffc2ac4d530] Metaspace_lock - owner thread: 0x00000200b33c02d0

Heap address: 0x00000000e0000000, size: 512 MB, Compressed Oops mode: 32-bit

CDS archive(s) mapped at: [0x000002009a000000-0x000002009aba0000-0x000002009aba0000), size 12189696, SharedBaseAddress: 0x000002009a000000, ArchiveRelocationMode: 1.
Compressed class space mapped at: 0x000002009b000000-0x00000200af000000, reserved size: 335544320
Narrow klass base: 0x000002009a000000, Narrow klass shift: 0, Narrow klass range: 0x100000000

GC Precious Log:
 CardTable entry size: 512
 Card Set container configuration: InlinePtr #cards 5 size 8 Array Of Cards #cards 12 size 40 Howl #buckets 4 coarsen threshold 1843 Howl Bitmap #cards 512 size 80 coarsen threshold 460 Card regions per heap region 1 cards per card region 2048
 CPUs: 8 total, 8 available
 Memory: 15914M
 Large Page Support: Disabled
 NUMA Support: Disabled
 Compressed Oops: Enabled (32-bit)
 Heap Region Size: 1M
 Heap Min Capacity: 256M
 Heap Initial Capacity: 256M
 Heap Max Capacity: 512M
 Pre-touch: Disabled
 Parallel Workers: 8
 Concurrent Workers: 2
 Concurrent Refinement Workers: 8
 Periodic GC: Disabled

Heap:
 garbage-first heap   total 262144K, used 91884K [0x00000000e0000000, 0x0000000100000000)
  region size 1024K, 68 young (69632K), 15 survivors (15360K)
 Metaspace       used 52772K, committed 54464K, reserved 393216K
  class space    used 7667K, committed 8512K, reserved 327680K

Heap Regions: E=young(eden), S=young(survivor), O=old, HS=humongous(starts), HC=humongous(continues), CS=collection set, F=free, TAMS=top-at-mark-start, PB=parsable bottom
|   0|0x00000000e0000000, 0x00000000e0100000, 0x00000000e0100000|100%|HS|  |TAMS 0x00000000e0000000| PB 0x00000000e0000000| Complete 
|   1|0x00000000e0100000, 0x00000000e0200000, 0x00000000e0200000|100%|HC|  |TAMS 0x00000000e0100000| PB 0x00000000e0100000| Complete 
|   2|0x00000000e0200000, 0x00000000e0300000, 0x00000000e0300000|100%|HC|  |TAMS 0x00000000e0200000| PB 0x00000000e0200000| Complete 
|   3|0x00000000e0300000, 0x00000000e0400000, 0x00000000e0400000|100%| O|  |TAMS 0x00000000e0300000| PB 0x00000000e0300000| Untracked 
|   4|0x00000000e0400000, 0x00000000e0500000, 0x00000000e0500000|100%| O|  |TAMS 0x00000000e0400000| PB 0x00000000e0400000| Untracked 
|   5|0x00000000e0500000, 0x00000000e0600000, 0x00000000e0600000|100%| O|  |TAMS 0x00000000e0500000| PB 0x00000000e0500000| Untracked 
|   6|0x00000000e0600000, 0x00000000e0700000, 0x00000000e0700000|100%|HS|  |TAMS 0x00000000e0600000| PB 0x00000000e0600000| Complete 
|   7|0x00000000e0700000, 0x00000000e0800000, 0x00000000e0800000|100%| O|  |TAMS 0x00000000e0700000| PB 0x00000000e0700000| Untracked 
|   8|0x00000000e0800000, 0x00000000e0800000, 0x00000000e0900000|  0%| F|  |TAMS 0x00000000e0800000| PB 0x00000000e0800000| Untracked 
|   9|0x00000000e0900000, 0x00000000e0a00000, 0x00000000e0a00000|100%| O|  |TAMS 0x00000000e0900000| PB 0x00000000e0900000| Untracked 
|  10|0x00000000e0a00000, 0x00000000e0b00000, 0x00000000e0b00000|100%| O|  |TAMS 0x00000000e0a00000| PB 0x00000000e0a00000| Untracked 
|  11|0x00000000e0b00000, 0x00000000e0c00000, 0x00000000e0c00000|100%| O|  |TAMS 0x00000000e0b00000| PB 0x00000000e0b00000| Untracked 
|  12|0x00000000e0c00000, 0x00000000e0d00000, 0x00000000e0d00000|100%| O|  |TAMS 0x00000000e0c00000| PB 0x00000000e0c00000| Untracked 
|  13|0x00000000e0d00000, 0x00000000e0e00000, 0x00000000e0e00000|100%| O|  |TAMS 0x00000000e0d00000| PB 0x00000000e0d00000| Untracked 
|  14|0x00000000e0e00000, 0x00000000e0f00000, 0x00000000e0f00000|100%| O|  |TAMS 0x00000000e0e00000| PB 0x00000000e0e00000| Untracked 
|  15|0x00000000e0f00000, 0x00000000e1000000, 0x00000000e1000000|100%| O|  |TAMS 0x00000000e0f00000| PB 0x00000000e0f00000| Untracked 
|  16|0x00000000e1000000, 0x00000000e1100000, 0x00000000e1100000|100%| O|  |TAMS 0x00000000e1000000| PB 0x00000000e1000000| Untracked 
|  17|0x00000000e1100000, 0x00000000e1200000, 0x00000000e1200000|100%| O|Cm|TAMS 0x00000000e1100000| PB 0x00000000e1100000| Complete 
|  18|0x00000000e1200000, 0x00000000e1300000, 0x00000000e1300000|100%| O|  |TAMS 0x00000000e1200000| PB 0x00000000e1200000| Untracked 
|  19|0x00000000e1300000, 0x00000000e1300000, 0x00000000e1400000|  0%| F|  |TAMS 0x00000000e1300000| PB 0x00000000e1300000| Untracked 
|  20|0x00000000e1400000, 0x00000000e1400000, 0x00000000e1500000|  0%| F|  |TAMS 0x00000000e1400000| PB 0x00000000e1400000| Untracked 
|  21|0x00000000e1500000, 0x00000000e1500000, 0x00000000e1600000|  0%| F|  |TAMS 0x00000000e1500000| PB 0x00000000e1500000| Untracked 
|  22|0x00000000e1600000, 0x00000000e1600000, 0x00000000e1700000|  0%| F|  |TAMS 0x00000000e1600000| PB 0x00000000e1600000| Untracked 
|  23|0x00000000e1700000, 0x00000000e1700000, 0x00000000e1800000|  0%| F|  |TAMS 0x00000000e1700000| PB 0x00000000e1700000| Untracked 
|  24|0x00000000e1800000, 0x00000000e1900000, 0x00000000e1900000|100%| O|  |TAMS 0x00000000e1800000| PB 0x00000000e1800000| Untracked 
|  25|0x00000000e1900000, 0x00000000e1a00000, 0x00000000e1a00000|100%| O|  |TAMS 0x00000000e1900000| PB 0x00000000e1900000| Untracked 
|  26|0x00000000e1a00000, 0x00000000e1b00000, 0x00000000e1b00000|100%| O|  |TAMS 0x00000000e1a00000| PB 0x00000000e1a00000| Untracked 
|  27|0x00000000e1b00000, 0x00000000e1c00000, 0x00000000e1c00000|100%| O|  |TAMS 0x00000000e1b00000| PB 0x00000000e1b00000| Untracked 
|  28|0x00000000e1c00000, 0x00000000e1d00000, 0x00000000e1d00000|100%| O|  |TAMS 0x00000000e1c00000| PB 0x00000000e1c00000| Untracked 
|  29|0x00000000e1d00000, 0x00000000e1d62118, 0x00000000e1e00000| 38%| O|  |TAMS 0x00000000e1d00000| PB 0x00000000e1d00000| Untracked 
|  30|0x00000000e1e00000, 0x00000000e1e00000, 0x00000000e1f00000|  0%| F|  |TAMS 0x00000000e1e00000| PB 0x00000000e1e00000| Untracked 
|  31|0x00000000e1f00000, 0x00000000e1f00000, 0x00000000e2000000|  0%| F|  |TAMS 0x00000000e1f00000| PB 0x00000000e1f00000| Untracked 
|  32|0x00000000e2000000, 0x00000000e2000000, 0x00000000e2100000|  0%| F|  |TAMS 0x00000000e2000000| PB 0x00000000e2000000| Untracked 
|  33|0x00000000e2100000, 0x00000000e2100000, 0x00000000e2200000|  0%| F|  |TAMS 0x00000000e2100000| PB 0x00000000e2100000| Untracked 
|  34|0x00000000e2200000, 0x00000000e2200000, 0x00000000e2300000|  0%| F|  |TAMS 0x00000000e2200000| PB 0x00000000e2200000| Untracked 
|  35|0x00000000e2300000, 0x00000000e2300000, 0x00000000e2400000|  0%| F|  |TAMS 0x00000000e2300000| PB 0x00000000e2300000| Untracked 
|  36|0x00000000e2400000, 0x00000000e2400000, 0x00000000e2500000|  0%| F|  |TAMS 0x00000000e2400000| PB 0x00000000e2400000| Untracked 
|  37|0x00000000e2500000, 0x00000000e2500000, 0x00000000e2600000|  0%| F|  |TAMS 0x00000000e2500000| PB 0x00000000e2500000| Untracked 
|  38|0x00000000e2600000, 0x00000000e2600000, 0x00000000e2700000|  0%| F|  |TAMS 0x00000000e2600000| PB 0x00000000e2600000| Untracked 
|  39|0x00000000e2700000, 0x00000000e2700000, 0x00000000e2800000|  0%| F|  |TAMS 0x00000000e2700000| PB 0x00000000e2700000| Untracked 
|  40|0x00000000e2800000, 0x00000000e2800000, 0x00000000e2900000|  0%| F|  |TAMS 0x00000000e2800000| PB 0x00000000e2800000| Untracked 
|  41|0x00000000e2900000, 0x00000000e2900000, 0x00000000e2a00000|  0%| F|  |TAMS 0x00000000e2900000| PB 0x00000000e2900000| Untracked 
|  42|0x00000000e2a00000, 0x00000000e2a00000, 0x00000000e2b00000|  0%| F|  |TAMS 0x00000000e2a00000| PB 0x00000000e2a00000| Untracked 
|  43|0x00000000e2b00000, 0x00000000e2b00000, 0x00000000e2c00000|  0%| F|  |TAMS 0x00000000e2b00000| PB 0x00000000e2b00000| Untracked 
|  44|0x00000000e2c00000, 0x00000000e2c00000, 0x00000000e2d00000|  0%| F|  |TAMS 0x00000000e2c00000| PB 0x00000000e2c00000| Untracked 
|  45|0x00000000e2d00000, 0x00000000e2d00000, 0x00000000e2e00000|  0%| F|  |TAMS 0x00000000e2d00000| PB 0x00000000e2d00000| Untracked 
|  46|0x00000000e2e00000, 0x00000000e2e00000, 0x00000000e2f00000|  0%| F|  |TAMS 0x00000000e2e00000| PB 0x00000000e2e00000| Untracked 
|  47|0x00000000e2f00000, 0x00000000e2f00000, 0x00000000e3000000|  0%| F|  |TAMS 0x00000000e2f00000| PB 0x00000000e2f00000| Untracked 
|  48|0x00000000e3000000, 0x00000000e3000000, 0x00000000e3100000|  0%| F|  |TAMS 0x00000000e3000000| PB 0x00000000e3000000| Untracked 
|  49|0x00000000e3100000, 0x00000000e3100000, 0x00000000e3200000|  0%| F|  |TAMS 0x00000000e3100000| PB 0x00000000e3100000| Untracked 
|  50|0x00000000e3200000, 0x00000000e3200000, 0x00000000e3300000|  0%| F|  |TAMS 0x00000000e3200000| PB 0x00000000e3200000| Untracked 
|  51|0x00000000e3300000, 0x00000000e3300000, 0x00000000e3400000|  0%| F|  |TAMS 0x00000000e3300000| PB 0x00000000e3300000| Untracked 
|  52|0x00000000e3400000, 0x00000000e3400000, 0x00000000e3500000|  0%| F|  |TAMS 0x00000000e3400000| PB 0x00000000e3400000| Untracked 
|  53|0x00000000e3500000, 0x00000000e3500000, 0x00000000e3600000|  0%| F|  |TAMS 0x00000000e3500000| PB 0x00000000e3500000| Untracked 
|  54|0x00000000e3600000, 0x00000000e3600000, 0x00000000e3700000|  0%| F|  |TAMS 0x00000000e3600000| PB 0x00000000e3600000| Untracked 
|  55|0x00000000e3700000, 0x00000000e3700000, 0x00000000e3800000|  0%| F|  |TAMS 0x00000000e3700000| PB 0x00000000e3700000| Untracked 
|  56|0x00000000e3800000, 0x00000000e3800000, 0x00000000e3900000|  0%| F|  |TAMS 0x00000000e3800000| PB 0x00000000e3800000| Untracked 
|  57|0x00000000e3900000, 0x00000000e3900000, 0x00000000e3a00000|  0%| F|  |TAMS 0x00000000e3900000| PB 0x00000000e3900000| Untracked 
|  58|0x00000000e3a00000, 0x00000000e3a00000, 0x00000000e3b00000|  0%| F|  |TAMS 0x00000000e3a00000| PB 0x00000000e3a00000| Untracked 
|  59|0x00000000e3b00000, 0x00000000e3b00000, 0x00000000e3c00000|  0%| F|  |TAMS 0x00000000e3b00000| PB 0x00000000e3b00000| Untracked 
|  60|0x00000000e3c00000, 0x00000000e3c00000, 0x00000000e3d00000|  0%| F|  |TAMS 0x00000000e3c00000| PB 0x00000000e3c00000| Untracked 
|  61|0x00000000e3d00000, 0x00000000e3d00000, 0x00000000e3e00000|  0%| F|  |TAMS 0x00000000e3d00000| PB 0x00000000e3d00000| Untracked 
|  62|0x00000000e3e00000, 0x00000000e3e00000, 0x00000000e3f00000|  0%| F|  |TAMS 0x00000000e3e00000| PB 0x00000000e3e00000| Untracked 
|  63|0x00000000e3f00000, 0x00000000e3f00000, 0x00000000e4000000|  0%| F|  |TAMS 0x00000000e3f00000| PB 0x00000000e3f00000| Untracked 
|  64|0x00000000e4000000, 0x00000000e4000000, 0x00000000e4100000|  0%| F|  |TAMS 0x00000000e4000000| PB 0x00000000e4000000| Untracked 
|  65|0x00000000e4100000, 0x00000000e4100000, 0x00000000e4200000|  0%| F|  |TAMS 0x00000000e4100000| PB 0x00000000e4100000| Untracked 
|  66|0x00000000e4200000, 0x00000000e4200000, 0x00000000e4300000|  0%| F|  |TAMS 0x00000000e4200000| PB 0x00000000e4200000| Untracked 
|  67|0x00000000e4300000, 0x00000000e4300000, 0x00000000e4400000|  0%| F|  |TAMS 0x00000000e4300000| PB 0x00000000e4300000| Untracked 
|  68|0x00000000e4400000, 0x00000000e4400000, 0x00000000e4500000|  0%| F|  |TAMS 0x00000000e4400000| PB 0x00000000e4400000| Untracked 
|  69|0x00000000e4500000, 0x00000000e4500000, 0x00000000e4600000|  0%| F|  |TAMS 0x00000000e4500000| PB 0x00000000e4500000| Untracked 
|  70|0x00000000e4600000, 0x00000000e4600000, 0x00000000e4700000|  0%| F|  |TAMS 0x00000000e4600000| PB 0x00000000e4600000| Untracked 
|  71|0x00000000e4700000, 0x00000000e4700000, 0x00000000e4800000|  0%| F|  |TAMS 0x00000000e4700000| PB 0x00000000e4700000| Untracked 
|  72|0x00000000e4800000, 0x00000000e4800000, 0x00000000e4900000|  0%| F|  |TAMS 0x00000000e4800000| PB 0x00000000e4800000| Untracked 
|  73|0x00000000e4900000, 0x00000000e4900000, 0x00000000e4a00000|  0%| F|  |TAMS 0x00000000e4900000| PB 0x00000000e4900000| Untracked 
|  74|0x00000000e4a00000, 0x00000000e4a00000, 0x00000000e4b00000|  0%| F|  |TAMS 0x00000000e4a00000| PB 0x00000000e4a00000| Untracked 
|  75|0x00000000e4b00000, 0x00000000e4b00000, 0x00000000e4c00000|  0%| F|  |TAMS 0x00000000e4b00000| PB 0x00000000e4b00000| Untracked 
|  76|0x00000000e4c00000, 0x00000000e4c00000, 0x00000000e4d00000|  0%| F|  |TAMS 0x00000000e4c00000| PB 0x00000000e4c00000| Untracked 
|  77|0x00000000e4d00000, 0x00000000e4d00000, 0x00000000e4e00000|  0%| F|  |TAMS 0x00000000e4d00000| PB 0x00000000e4d00000| Untracked 
|  78|0x00000000e4e00000, 0x00000000e4e00000, 0x00000000e4f00000|  0%| F|  |TAMS 0x00000000e4e00000| PB 0x00000000e4e00000| Untracked 
|  79|0x00000000e4f00000, 0x00000000e4f00000, 0x00000000e5000000|  0%| F|  |TAMS 0x00000000e4f00000| PB 0x00000000e4f00000| Untracked 
|  80|0x00000000e5000000, 0x00000000e5000000, 0x00000000e5100000|  0%| F|  |TAMS 0x00000000e5000000| PB 0x00000000e5000000| Untracked 
|  81|0x00000000e5100000, 0x00000000e5100000, 0x00000000e5200000|  0%| F|  |TAMS 0x00000000e5100000| PB 0x00000000e5100000| Untracked 
|  82|0x00000000e5200000, 0x00000000e5200000, 0x00000000e5300000|  0%| F|  |TAMS 0x00000000e5200000| PB 0x00000000e5200000| Untracked 
|  83|0x00000000e5300000, 0x00000000e5300000, 0x00000000e5400000|  0%| F|  |TAMS 0x00000000e5300000| PB 0x00000000e5300000| Untracked 
|  84|0x00000000e5400000, 0x00000000e5400000, 0x00000000e5500000|  0%| F|  |TAMS 0x00000000e5400000| PB 0x00000000e5400000| Untracked 
|  85|0x00000000e5500000, 0x00000000e5500000, 0x00000000e5600000|  0%| F|  |TAMS 0x00000000e5500000| PB 0x00000000e5500000| Untracked 
|  86|0x00000000e5600000, 0x00000000e5600000, 0x00000000e5700000|  0%| F|  |TAMS 0x00000000e5600000| PB 0x00000000e5600000| Untracked 
|  87|0x00000000e5700000, 0x00000000e5700000, 0x00000000e5800000|  0%| F|  |TAMS 0x00000000e5700000| PB 0x00000000e5700000| Untracked 
|  88|0x00000000e5800000, 0x00000000e5859060, 0x00000000e5900000| 34%| S|CS|TAMS 0x00000000e5800000| PB 0x00000000e5800000| Complete 
|  89|0x00000000e5900000, 0x00000000e5a00000, 0x00000000e5a00000|100%| S|CS|TAMS 0x00000000e5900000| PB 0x00000000e5900000| Complete 
|  90|0x00000000e5a00000, 0x00000000e5b00000, 0x00000000e5b00000|100%| S|CS|TAMS 0x00000000e5a00000| PB 0x00000000e5a00000| Complete 
|  91|0x00000000e5b00000, 0x00000000e5c00000, 0x00000000e5c00000|100%| S|CS|TAMS 0x00000000e5b00000| PB 0x00000000e5b00000| Complete 
|  92|0x00000000e5c00000, 0x00000000e5d00000, 0x00000000e5d00000|100%| S|CS|TAMS 0x00000000e5c00000| PB 0x00000000e5c00000| Complete 
|  93|0x00000000e5d00000, 0x00000000e5e00000, 0x00000000e5e00000|100%| S|CS|TAMS 0x00000000e5d00000| PB 0x00000000e5d00000| Complete 
|  94|0x00000000e5e00000, 0x00000000e5f00000, 0x00000000e5f00000|100%| S|CS|TAMS 0x00000000e5e00000| PB 0x00000000e5e00000| Complete 
|  95|0x00000000e5f00000, 0x00000000e6000000, 0x00000000e6000000|100%| S|CS|TAMS 0x00000000e5f00000| PB 0x00000000e5f00000| Complete 
|  96|0x00000000e6000000, 0x00000000e6100000, 0x00000000e6100000|100%| S|CS|TAMS 0x00000000e6000000| PB 0x00000000e6000000| Complete 
|  97|0x00000000e6100000, 0x00000000e6200000, 0x00000000e6200000|100%| S|CS|TAMS 0x00000000e6100000| PB 0x00000000e6100000| Complete 
|  98|0x00000000e6200000, 0x00000000e6300000, 0x00000000e6300000|100%| S|CS|TAMS 0x00000000e6200000| PB 0x00000000e6200000| Complete 
|  99|0x00000000e6300000, 0x00000000e6400000, 0x00000000e6400000|100%| S|CS|TAMS 0x00000000e6300000| PB 0x00000000e6300000| Complete 
| 100|0x00000000e6400000, 0x00000000e6500000, 0x00000000e6500000|100%| S|CS|TAMS 0x00000000e6400000| PB 0x00000000e6400000| Complete 
| 101|0x00000000e6500000, 0x00000000e6600000, 0x00000000e6600000|100%| S|CS|TAMS 0x00000000e6500000| PB 0x00000000e6500000| Complete 
| 102|0x00000000e6600000, 0x00000000e6700000, 0x00000000e6700000|100%| S|CS|TAMS 0x00000000e6600000| PB 0x00000000e6600000| Complete 
| 103|0x00000000e6700000, 0x00000000e6700000, 0x00000000e6800000|  0%| F|  |TAMS 0x00000000e6700000| PB 0x00000000e6700000| Untracked 
| 104|0x00000000e6800000, 0x00000000e6800000, 0x00000000e6900000|  0%| F|  |TAMS 0x00000000e6800000| PB 0x00000000e6800000| Untracked 
| 105|0x00000000e6900000, 0x00000000e6900000, 0x00000000e6a00000|  0%| F|  |TAMS 0x00000000e6900000| PB 0x00000000e6900000| Untracked 
| 106|0x00000000e6a00000, 0x00000000e6a00000, 0x00000000e6b00000|  0%| F|  |TAMS 0x00000000e6a00000| PB 0x00000000e6a00000| Untracked 
| 107|0x00000000e6b00000, 0x00000000e6b00000, 0x00000000e6c00000|  0%| F|  |TAMS 0x00000000e6b00000| PB 0x00000000e6b00000| Untracked 
| 108|0x00000000e6c00000, 0x00000000e6c00000, 0x00000000e6d00000|  0%| F|  |TAMS 0x00000000e6c00000| PB 0x00000000e6c00000| Untracked 
| 109|0x00000000e6d00000, 0x00000000e6d00000, 0x00000000e6e00000|  0%| F|  |TAMS 0x00000000e6d00000| PB 0x00000000e6d00000| Untracked 
| 110|0x00000000e6e00000, 0x00000000e6e00000, 0x00000000e6f00000|  0%| F|  |TAMS 0x00000000e6e00000| PB 0x00000000e6e00000| Untracked 
| 111|0x00000000e6f00000, 0x00000000e6f00000, 0x00000000e7000000|  0%| F|  |TAMS 0x00000000e6f00000| PB 0x00000000e6f00000| Untracked 
| 112|0x00000000e7000000, 0x00000000e7000000, 0x00000000e7100000|  0%| F|  |TAMS 0x00000000e7000000| PB 0x00000000e7000000| Untracked 
| 113|0x00000000e7100000, 0x00000000e7100000, 0x00000000e7200000|  0%| F|  |TAMS 0x00000000e7100000| PB 0x00000000e7100000| Untracked 
| 114|0x00000000e7200000, 0x00000000e7200000, 0x00000000e7300000|  0%| F|  |TAMS 0x00000000e7200000| PB 0x00000000e7200000| Untracked 
| 115|0x00000000e7300000, 0x00000000e7300000, 0x00000000e7400000|  0%| F|  |TAMS 0x00000000e7300000| PB 0x00000000e7300000| Untracked 
| 116|0x00000000e7400000, 0x00000000e7400000, 0x00000000e7500000|  0%| F|  |TAMS 0x00000000e7400000| PB 0x00000000e7400000| Untracked 
| 117|0x00000000e7500000, 0x00000000e7500000, 0x00000000e7600000|  0%| F|  |TAMS 0x00000000e7500000| PB 0x00000000e7500000| Untracked 
| 118|0x00000000e7600000, 0x00000000e7600000, 0x00000000e7700000|  0%| F|  |TAMS 0x00000000e7600000| PB 0x00000000e7600000| Untracked 
| 119|0x00000000e7700000, 0x00000000e7700000, 0x00000000e7800000|  0%| F|  |TAMS 0x00000000e7700000| PB 0x00000000e7700000| Untracked 
| 120|0x00000000e7800000, 0x00000000e7800000, 0x00000000e7900000|  0%| F|  |TAMS 0x00000000e7800000| PB 0x00000000e7800000| Untracked 
| 121|0x00000000e7900000, 0x00000000e7900000, 0x00000000e7a00000|  0%| F|  |TAMS 0x00000000e7900000| PB 0x00000000e7900000| Untracked 
| 122|0x00000000e7a00000, 0x00000000e7a00000, 0x00000000e7b00000|  0%| F|  |TAMS 0x00000000e7a00000| PB 0x00000000e7a00000| Untracked 
| 123|0x00000000e7b00000, 0x00000000e7b00000, 0x00000000e7c00000|  0%| F|  |TAMS 0x00000000e7b00000| PB 0x00000000e7b00000| Untracked 
| 124|0x00000000e7c00000, 0x00000000e7c00000, 0x00000000e7d00000|  0%| F|  |TAMS 0x00000000e7c00000| PB 0x00000000e7c00000| Untracked 
| 125|0x00000000e7d00000, 0x00000000e7d00000, 0x00000000e7e00000|  0%| F|  |TAMS 0x00000000e7d00000| PB 0x00000000e7d00000| Untracked 
| 126|0x00000000e7e00000, 0x00000000e7e00000, 0x00000000e7f00000|  0%| F|  |TAMS 0x00000000e7e00000| PB 0x00000000e7e00000| Untracked 
| 127|0x00000000e7f00000, 0x00000000e7f00000, 0x00000000e8000000|  0%| F|  |TAMS 0x00000000e7f00000| PB 0x00000000e7f00000| Untracked 
| 128|0x00000000e8000000, 0x00000000e8000000, 0x00000000e8100000|  0%| F|  |TAMS 0x00000000e8000000| PB 0x00000000e8000000| Untracked 
| 129|0x00000000e8100000, 0x00000000e8100000, 0x00000000e8200000|  0%| F|  |TAMS 0x00000000e8100000| PB 0x00000000e8100000| Untracked 
| 130|0x00000000e8200000, 0x00000000e8200000, 0x00000000e8300000|  0%| F|  |TAMS 0x00000000e8200000| PB 0x00000000e8200000| Untracked 
| 131|0x00000000e8300000, 0x00000000e8300000, 0x00000000e8400000|  0%| F|  |TAMS 0x00000000e8300000| PB 0x00000000e8300000| Untracked 
| 132|0x00000000e8400000, 0x00000000e8400000, 0x00000000e8500000|  0%| F|  |TAMS 0x00000000e8400000| PB 0x00000000e8400000| Untracked 
| 133|0x00000000e8500000, 0x00000000e8500000, 0x00000000e8600000|  0%| F|  |TAMS 0x00000000e8500000| PB 0x00000000e8500000| Untracked 
| 134|0x00000000e8600000, 0x00000000e8600000, 0x00000000e8700000|  0%| F|  |TAMS 0x00000000e8600000| PB 0x00000000e8600000| Untracked 
| 135|0x00000000e8700000, 0x00000000e8700000, 0x00000000e8800000|  0%| F|  |TAMS 0x00000000e8700000| PB 0x00000000e8700000| Untracked 
| 136|0x00000000e8800000, 0x00000000e8800000, 0x00000000e8900000|  0%| F|  |TAMS 0x00000000e8800000| PB 0x00000000e8800000| Untracked 
| 137|0x00000000e8900000, 0x00000000e8900000, 0x00000000e8a00000|  0%| F|  |TAMS 0x00000000e8900000| PB 0x00000000e8900000| Untracked 
| 138|0x00000000e8a00000, 0x00000000e8a00000, 0x00000000e8b00000|  0%| F|  |TAMS 0x00000000e8a00000| PB 0x00000000e8a00000| Untracked 
| 139|0x00000000e8b00000, 0x00000000e8b00000, 0x00000000e8c00000|  0%| F|  |TAMS 0x00000000e8b00000| PB 0x00000000e8b00000| Untracked 
| 140|0x00000000e8c00000, 0x00000000e8c00000, 0x00000000e8d00000|  0%| F|  |TAMS 0x00000000e8c00000| PB 0x00000000e8c00000| Untracked 
| 141|0x00000000e8d00000, 0x00000000e8d00000, 0x00000000e8e00000|  0%| F|  |TAMS 0x00000000e8d00000| PB 0x00000000e8d00000| Untracked 
| 142|0x00000000e8e00000, 0x00000000e8e00000, 0x00000000e8f00000|  0%| F|  |TAMS 0x00000000e8e00000| PB 0x00000000e8e00000| Untracked 
| 143|0x00000000e8f00000, 0x00000000e8f00000, 0x00000000e9000000|  0%| F|  |TAMS 0x00000000e8f00000| PB 0x00000000e8f00000| Untracked 
| 144|0x00000000e9000000, 0x00000000e9000000, 0x00000000e9100000|  0%| F|  |TAMS 0x00000000e9000000| PB 0x00000000e9000000| Untracked 
| 145|0x00000000e9100000, 0x00000000e9100000, 0x00000000e9200000|  0%| F|  |TAMS 0x00000000e9100000| PB 0x00000000e9100000| Untracked 
| 146|0x00000000e9200000, 0x00000000e9200000, 0x00000000e9300000|  0%| F|  |TAMS 0x00000000e9200000| PB 0x00000000e9200000| Untracked 
| 147|0x00000000e9300000, 0x00000000e9300000, 0x00000000e9400000|  0%| F|  |TAMS 0x00000000e9300000| PB 0x00000000e9300000| Untracked 
| 148|0x00000000e9400000, 0x00000000e9400000, 0x00000000e9500000|  0%| F|  |TAMS 0x00000000e9400000| PB 0x00000000e9400000| Untracked 
| 149|0x00000000e9500000, 0x00000000e9500000, 0x00000000e9600000|  0%| F|  |TAMS 0x00000000e9500000| PB 0x00000000e9500000| Untracked 
| 150|0x00000000e9600000, 0x00000000e9600000, 0x00000000e9700000|  0%| F|  |TAMS 0x00000000e9600000| PB 0x00000000e9600000| Untracked 
| 151|0x00000000e9700000, 0x00000000e9700000, 0x00000000e9800000|  0%| F|  |TAMS 0x00000000e9700000| PB 0x00000000e9700000| Untracked 
| 152|0x00000000e9800000, 0x00000000e9800000, 0x00000000e9900000|  0%| F|  |TAMS 0x00000000e9800000| PB 0x00000000e9800000| Untracked 
| 153|0x00000000e9900000, 0x00000000e9900000, 0x00000000e9a00000|  0%| F|  |TAMS 0x00000000e9900000| PB 0x00000000e9900000| Untracked 
| 154|0x00000000e9a00000, 0x00000000e9a00000, 0x00000000e9b00000|  0%| F|  |TAMS 0x00000000e9a00000| PB 0x00000000e9a00000| Untracked 
| 155|0x00000000e9b00000, 0x00000000e9b00000, 0x00000000e9c00000|  0%| F|  |TAMS 0x00000000e9b00000| PB 0x00000000e9b00000| Untracked 
| 156|0x00000000e9c00000, 0x00000000e9c00000, 0x00000000e9d00000|  0%| F|  |TAMS 0x00000000e9c00000| PB 0x00000000e9c00000| Untracked 
| 157|0x00000000e9d00000, 0x00000000e9d00000, 0x00000000e9e00000|  0%| F|  |TAMS 0x00000000e9d00000| PB 0x00000000e9d00000| Untracked 
| 158|0x00000000e9e00000, 0x00000000e9e00000, 0x00000000e9f00000|  0%| F|  |TAMS 0x00000000e9e00000| PB 0x00000000e9e00000| Untracked 
| 159|0x00000000e9f00000, 0x00000000e9f00000, 0x00000000ea000000|  0%| F|  |TAMS 0x00000000e9f00000| PB 0x00000000e9f00000| Untracked 
| 160|0x00000000ea000000, 0x00000000ea000000, 0x00000000ea100000|  0%| F|  |TAMS 0x00000000ea000000| PB 0x00000000ea000000| Untracked 
| 161|0x00000000ea100000, 0x00000000ea100000, 0x00000000ea200000|  0%| F|  |TAMS 0x00000000ea100000| PB 0x00000000ea100000| Untracked 
| 162|0x00000000ea200000, 0x00000000ea200000, 0x00000000ea300000|  0%| F|  |TAMS 0x00000000ea200000| PB 0x00000000ea200000| Untracked 
| 163|0x00000000ea300000, 0x00000000ea300000, 0x00000000ea400000|  0%| F|  |TAMS 0x00000000ea300000| PB 0x00000000ea300000| Untracked 
| 164|0x00000000ea400000, 0x00000000ea400000, 0x00000000ea500000|  0%| F|  |TAMS 0x00000000ea400000| PB 0x00000000ea400000| Untracked 
| 165|0x00000000ea500000, 0x00000000ea500000, 0x00000000ea600000|  0%| F|  |TAMS 0x00000000ea500000| PB 0x00000000ea500000| Untracked 
| 166|0x00000000ea600000, 0x00000000ea600000, 0x00000000ea700000|  0%| F|  |TAMS 0x00000000ea600000| PB 0x00000000ea600000| Untracked 
| 167|0x00000000ea700000, 0x00000000ea700000, 0x00000000ea800000|  0%| F|  |TAMS 0x00000000ea700000| PB 0x00000000ea700000| Untracked 
| 168|0x00000000ea800000, 0x00000000ea800000, 0x00000000ea900000|  0%| F|  |TAMS 0x00000000ea800000| PB 0x00000000ea800000| Untracked 
| 169|0x00000000ea900000, 0x00000000ea900000, 0x00000000eaa00000|  0%| F|  |TAMS 0x00000000ea900000| PB 0x00000000ea900000| Untracked 
| 170|0x00000000eaa00000, 0x00000000eaa00000, 0x00000000eab00000|  0%| F|  |TAMS 0x00000000eaa00000| PB 0x00000000eaa00000| Untracked 
| 171|0x00000000eab00000, 0x00000000eab00000, 0x00000000eac00000|  0%| F|  |TAMS 0x00000000eab00000| PB 0x00000000eab00000| Untracked 
| 172|0x00000000eac00000, 0x00000000eac00000, 0x00000000ead00000|  0%| F|  |TAMS 0x00000000eac00000| PB 0x00000000eac00000| Untracked 
| 173|0x00000000ead00000, 0x00000000ead00000, 0x00000000eae00000|  0%| F|  |TAMS 0x00000000ead00000| PB 0x00000000ead00000| Untracked 
| 174|0x00000000eae00000, 0x00000000eae00000, 0x00000000eaf00000|  0%| F|  |TAMS 0x00000000eae00000| PB 0x00000000eae00000| Untracked 
| 175|0x00000000eaf00000, 0x00000000eaf00000, 0x00000000eb000000|  0%| F|  |TAMS 0x00000000eaf00000| PB 0x00000000eaf00000| Untracked 
| 176|0x00000000eb000000, 0x00000000eb000000, 0x00000000eb100000|  0%| F|  |TAMS 0x00000000eb000000| PB 0x00000000eb000000| Untracked 
| 177|0x00000000eb100000, 0x00000000eb100000, 0x00000000eb200000|  0%| F|  |TAMS 0x00000000eb100000| PB 0x00000000eb100000| Untracked 
| 178|0x00000000eb200000, 0x00000000eb200000, 0x00000000eb300000|  0%| F|  |TAMS 0x00000000eb200000| PB 0x00000000eb200000| Untracked 
| 179|0x00000000eb300000, 0x00000000eb300000, 0x00000000eb400000|  0%| F|  |TAMS 0x00000000eb300000| PB 0x00000000eb300000| Untracked 
| 180|0x00000000eb400000, 0x00000000eb400000, 0x00000000eb500000|  0%| F|  |TAMS 0x00000000eb400000| PB 0x00000000eb400000| Untracked 
| 181|0x00000000eb500000, 0x00000000eb500000, 0x00000000eb600000|  0%| F|  |TAMS 0x00000000eb500000| PB 0x00000000eb500000| Untracked 
| 182|0x00000000eb600000, 0x00000000eb600000, 0x00000000eb700000|  0%| F|  |TAMS 0x00000000eb600000| PB 0x00000000eb600000| Untracked 
| 183|0x00000000eb700000, 0x00000000eb700000, 0x00000000eb800000|  0%| F|  |TAMS 0x00000000eb700000| PB 0x00000000eb700000| Untracked 
| 184|0x00000000eb800000, 0x00000000eb800000, 0x00000000eb900000|  0%| F|  |TAMS 0x00000000eb800000| PB 0x00000000eb800000| Untracked 
| 185|0x00000000eb900000, 0x00000000eb900000, 0x00000000eba00000|  0%| F|  |TAMS 0x00000000eb900000| PB 0x00000000eb900000| Untracked 
| 186|0x00000000eba00000, 0x00000000eba00000, 0x00000000ebb00000|  0%| F|  |TAMS 0x00000000eba00000| PB 0x00000000eba00000| Untracked 
| 187|0x00000000ebb00000, 0x00000000ebb00000, 0x00000000ebc00000|  0%| F|  |TAMS 0x00000000ebb00000| PB 0x00000000ebb00000| Untracked 
| 188|0x00000000ebc00000, 0x00000000ebc00000, 0x00000000ebd00000|  0%| F|  |TAMS 0x00000000ebc00000| PB 0x00000000ebc00000| Untracked 
| 189|0x00000000ebd00000, 0x00000000ebd00000, 0x00000000ebe00000|  0%| F|  |TAMS 0x00000000ebd00000| PB 0x00000000ebd00000| Untracked 
| 190|0x00000000ebe00000, 0x00000000ebe00000, 0x00000000ebf00000|  0%| F|  |TAMS 0x00000000ebe00000| PB 0x00000000ebe00000| Untracked 
| 191|0x00000000ebf00000, 0x00000000ebf00000, 0x00000000ec000000|  0%| F|  |TAMS 0x00000000ebf00000| PB 0x00000000ebf00000| Untracked 
| 192|0x00000000ec000000, 0x00000000ec000000, 0x00000000ec100000|  0%| F|  |TAMS 0x00000000ec000000| PB 0x00000000ec000000| Untracked 
| 193|0x00000000ec100000, 0x00000000ec100000, 0x00000000ec200000|  0%| F|  |TAMS 0x00000000ec100000| PB 0x00000000ec100000| Untracked 
| 194|0x00000000ec200000, 0x00000000ec200000, 0x00000000ec300000|  0%| F|  |TAMS 0x00000000ec200000| PB 0x00000000ec200000| Untracked 
| 195|0x00000000ec300000, 0x00000000ec300000, 0x00000000ec400000|  0%| F|  |TAMS 0x00000000ec300000| PB 0x00000000ec300000| Untracked 
| 196|0x00000000ec400000, 0x00000000ec400000, 0x00000000ec500000|  0%| F|  |TAMS 0x00000000ec400000| PB 0x00000000ec400000| Untracked 
| 197|0x00000000ec500000, 0x00000000ec500000, 0x00000000ec600000|  0%| F|  |TAMS 0x00000000ec500000| PB 0x00000000ec500000| Untracked 
| 198|0x00000000ec600000, 0x00000000ec600000, 0x00000000ec700000|  0%| F|  |TAMS 0x00000000ec600000| PB 0x00000000ec600000| Untracked 
| 199|0x00000000ec700000, 0x00000000ec700000, 0x00000000ec800000|  0%| F|  |TAMS 0x00000000ec700000| PB 0x00000000ec700000| Untracked 
| 200|0x00000000ec800000, 0x00000000ec800000, 0x00000000ec900000|  0%| F|  |TAMS 0x00000000ec800000| PB 0x00000000ec800000| Untracked 
| 201|0x00000000ec900000, 0x00000000ec900000, 0x00000000eca00000|  0%| F|  |TAMS 0x00000000ec900000| PB 0x00000000ec900000| Untracked 
| 202|0x00000000eca00000, 0x00000000eca00000, 0x00000000ecb00000|  0%| F|  |TAMS 0x00000000eca00000| PB 0x00000000eca00000| Untracked 
| 203|0x00000000ecb00000, 0x00000000ecb80000, 0x00000000ecc00000| 50%| E|  |TAMS 0x00000000ecb00000| PB 0x00000000ecb00000| Complete 
| 204|0x00000000ecc00000, 0x00000000ecd00000, 0x00000000ecd00000|100%| E|CS|TAMS 0x00000000ecc00000| PB 0x00000000ecc00000| Complete 
| 205|0x00000000ecd00000, 0x00000000ece00000, 0x00000000ece00000|100%| E|CS|TAMS 0x00000000ecd00000| PB 0x00000000ecd00000| Complete 
| 206|0x00000000ece00000, 0x00000000ecf00000, 0x00000000ecf00000|100%| E|CS|TAMS 0x00000000ece00000| PB 0x00000000ece00000| Complete 
| 207|0x00000000ecf00000, 0x00000000ed000000, 0x00000000ed000000|100%| E|CS|TAMS 0x00000000ecf00000| PB 0x00000000ecf00000| Complete 
| 208|0x00000000ed000000, 0x00000000ed100000, 0x00000000ed100000|100%| E|CS|TAMS 0x00000000ed000000| PB 0x00000000ed000000| Complete 
| 209|0x00000000ed100000, 0x00000000ed200000, 0x00000000ed200000|100%| E|CS|TAMS 0x00000000ed100000| PB 0x00000000ed100000| Complete 
| 210|0x00000000ed200000, 0x00000000ed300000, 0x00000000ed300000|100%| E|CS|TAMS 0x00000000ed200000| PB 0x00000000ed200000| Complete 
| 211|0x00000000ed300000, 0x00000000ed400000, 0x00000000ed400000|100%| E|CS|TAMS 0x00000000ed300000| PB 0x00000000ed300000| Complete 
| 212|0x00000000ed400000, 0x00000000ed500000, 0x00000000ed500000|100%| E|CS|TAMS 0x00000000ed400000| PB 0x00000000ed400000| Complete 
| 213|0x00000000ed500000, 0x00000000ed600000, 0x00000000ed600000|100%| E|CS|TAMS 0x00000000ed500000| PB 0x00000000ed500000| Complete 
| 214|0x00000000ed600000, 0x00000000ed700000, 0x00000000ed700000|100%| E|CS|TAMS 0x00000000ed600000| PB 0x00000000ed600000| Complete 
| 215|0x00000000ed700000, 0x00000000ed800000, 0x00000000ed800000|100%| E|CS|TAMS 0x00000000ed700000| PB 0x00000000ed700000| Complete 
| 216|0x00000000ed800000, 0x00000000ed900000, 0x00000000ed900000|100%| E|CS|TAMS 0x00000000ed800000| PB 0x00000000ed800000| Complete 
| 217|0x00000000ed900000, 0x00000000eda00000, 0x00000000eda00000|100%| E|CS|TAMS 0x00000000ed900000| PB 0x00000000ed900000| Complete 
| 218|0x00000000eda00000, 0x00000000edb00000, 0x00000000edb00000|100%| E|CS|TAMS 0x00000000eda00000| PB 0x00000000eda00000| Complete 
| 219|0x00000000edb00000, 0x00000000edc00000, 0x00000000edc00000|100%| E|CS|TAMS 0x00000000edb00000| PB 0x00000000edb00000| Complete 
| 220|0x00000000edc00000, 0x00000000edd00000, 0x00000000edd00000|100%| E|CS|TAMS 0x00000000edc00000| PB 0x00000000edc00000| Complete 
| 221|0x00000000edd00000, 0x00000000ede00000, 0x00000000ede00000|100%| E|CS|TAMS 0x00000000edd00000| PB 0x00000000edd00000| Complete 
| 222|0x00000000ede00000, 0x00000000edf00000, 0x00000000edf00000|100%| E|CS|TAMS 0x00000000ede00000| PB 0x00000000ede00000| Complete 
| 223|0x00000000edf00000, 0x00000000ee000000, 0x00000000ee000000|100%| E|CS|TAMS 0x00000000edf00000| PB 0x00000000edf00000| Complete 
| 224|0x00000000ee000000, 0x00000000ee100000, 0x00000000ee100000|100%| E|CS|TAMS 0x00000000ee000000| PB 0x00000000ee000000| Complete 
| 225|0x00000000ee100000, 0x00000000ee200000, 0x00000000ee200000|100%| E|CS|TAMS 0x00000000ee100000| PB 0x00000000ee100000| Complete 
| 226|0x00000000ee200000, 0x00000000ee300000, 0x00000000ee300000|100%| E|CS|TAMS 0x00000000ee200000| PB 0x00000000ee200000| Complete 
| 227|0x00000000ee300000, 0x00000000ee400000, 0x00000000ee400000|100%| E|CS|TAMS 0x00000000ee300000| PB 0x00000000ee300000| Complete 
| 228|0x00000000ee400000, 0x00000000ee500000, 0x00000000ee500000|100%| E|CS|TAMS 0x00000000ee400000| PB 0x00000000ee400000| Complete 
| 229|0x00000000ee500000, 0x00000000ee600000, 0x00000000ee600000|100%| E|CS|TAMS 0x00000000ee500000| PB 0x00000000ee500000| Complete 
| 230|0x00000000ee600000, 0x00000000ee700000, 0x00000000ee700000|100%| E|CS|TAMS 0x00000000ee600000| PB 0x00000000ee600000| Complete 
| 231|0x00000000ee700000, 0x00000000ee800000, 0x00000000ee800000|100%| E|CS|TAMS 0x00000000ee700000| PB 0x00000000ee700000| Complete 
| 232|0x00000000ee800000, 0x00000000ee900000, 0x00000000ee900000|100%| E|CS|TAMS 0x00000000ee800000| PB 0x00000000ee800000| Complete 
| 233|0x00000000ee900000, 0x00000000eea00000, 0x00000000eea00000|100%| E|CS|TAMS 0x00000000ee900000| PB 0x00000000ee900000| Complete 
| 234|0x00000000eea00000, 0x00000000eeb00000, 0x00000000eeb00000|100%| E|CS|TAMS 0x00000000eea00000| PB 0x00000000eea00000| Complete 
| 235|0x00000000eeb00000, 0x00000000eec00000, 0x00000000eec00000|100%| E|CS|TAMS 0x00000000eeb00000| PB 0x00000000eeb00000| Complete 
| 236|0x00000000eec00000, 0x00000000eed00000, 0x00000000eed00000|100%| E|CS|TAMS 0x00000000eec00000| PB 0x00000000eec00000| Complete 
| 237|0x00000000eed00000, 0x00000000eee00000, 0x00000000eee00000|100%| E|CS|TAMS 0x00000000eed00000| PB 0x00000000eed00000| Complete 
| 238|0x00000000eee00000, 0x00000000eef00000, 0x00000000eef00000|100%| E|CS|TAMS 0x00000000eee00000| PB 0x00000000eee00000| Complete 
| 239|0x00000000eef00000, 0x00000000ef000000, 0x00000000ef000000|100%| E|CS|TAMS 0x00000000eef00000| PB 0x00000000eef00000| Complete 
| 240|0x00000000ef000000, 0x00000000ef100000, 0x00000000ef100000|100%| E|CS|TAMS 0x00000000ef000000| PB 0x00000000ef000000| Complete 
| 241|0x00000000ef100000, 0x00000000ef200000, 0x00000000ef200000|100%| E|CS|TAMS 0x00000000ef100000| PB 0x00000000ef100000| Complete 
| 242|0x00000000ef200000, 0x00000000ef300000, 0x00000000ef300000|100%| E|CS|TAMS 0x00000000ef200000| PB 0x00000000ef200000| Complete 
| 243|0x00000000ef300000, 0x00000000ef400000, 0x00000000ef400000|100%| E|CS|TAMS 0x00000000ef300000| PB 0x00000000ef300000| Complete 
| 244|0x00000000ef400000, 0x00000000ef500000, 0x00000000ef500000|100%| E|CS|TAMS 0x00000000ef400000| PB 0x00000000ef400000| Complete 
| 245|0x00000000ef500000, 0x00000000ef600000, 0x00000000ef600000|100%| E|CS|TAMS 0x00000000ef500000| PB 0x00000000ef500000| Complete 
| 246|0x00000000ef600000, 0x00000000ef700000, 0x00000000ef700000|100%| E|CS|TAMS 0x00000000ef600000| PB 0x00000000ef600000| Complete 
| 247|0x00000000ef700000, 0x00000000ef800000, 0x00000000ef800000|100%| E|CS|TAMS 0x00000000ef700000| PB 0x00000000ef700000| Complete 
| 248|0x00000000ef800000, 0x00000000ef900000, 0x00000000ef900000|100%| E|CS|TAMS 0x00000000ef800000| PB 0x00000000ef800000| Complete 
| 249|0x00000000ef900000, 0x00000000efa00000, 0x00000000efa00000|100%| E|CS|TAMS 0x00000000ef900000| PB 0x00000000ef900000| Complete 
| 250|0x00000000efa00000, 0x00000000efb00000, 0x00000000efb00000|100%| E|CS|TAMS 0x00000000efa00000| PB 0x00000000efa00000| Complete 
| 251|0x00000000efb00000, 0x00000000efc00000, 0x00000000efc00000|100%| E|CS|TAMS 0x00000000efb00000| PB 0x00000000efb00000| Complete 
| 252|0x00000000efc00000, 0x00000000efd00000, 0x00000000efd00000|100%| E|CS|TAMS 0x00000000efc00000| PB 0x00000000efc00000| Complete 
| 253|0x00000000efd00000, 0x00000000efe00000, 0x00000000efe00000|100%| E|CS|TAMS 0x00000000efd00000| PB 0x00000000efd00000| Complete 
| 254|0x00000000efe00000, 0x00000000eff00000, 0x00000000eff00000|100%| E|CS|TAMS 0x00000000efe00000| PB 0x00000000efe00000| Complete 
| 255|0x00000000eff00000, 0x00000000f0000000, 0x00000000f0000000|100%| E|CS|TAMS 0x00000000eff00000| PB 0x00000000eff00000| Complete 

Card table byte_map: [0x0000020095ff0000,0x00000200960f0000] _byte_map_base: 0x00000200958f0000

Marking Bits: (CMBitMap*) 0x00000200839eba00
 Bits: [0x00000200960f0000, 0x00000200968f0000)

Polling page: 0x0000020081900000

Metaspace:

Usage:
  Non-class:     44.05 MB used.
      Class:      7.49 MB used.
       Both:     51.54 MB used.

Virtual space:
  Non-class space:       64.00 MB reserved,      44.88 MB ( 70%) committed,  1 nodes.
      Class space:      320.00 MB reserved,       8.31 MB (  3%) committed,  1 nodes.
             Both:      384.00 MB reserved,      53.19 MB ( 14%) committed. 

Chunk freelists:
   Non-Class:  2.67 MB
       Class:  7.59 MB
        Both:  10.27 MB

MaxMetaspaceSize: 384.00 MB
CompressedClassSpaceSize: 320.00 MB
Initial GC threshold: 21.00 MB
Current GC threshold: 59.19 MB
CDS: on
 - commit_granule_bytes: 65536.
 - commit_granule_words: 8192.
 - virtual_space_node_default_size: 8388608.
 - enlarge_chunks_in_place: 1.
 - use_allocation_guard: 0.


Internal statistics:

num_allocs_failed_limit: 9.
num_arena_births: 3506.
num_arena_deaths: 498.
num_vsnodes_births: 2.
num_vsnodes_deaths: 0.
num_space_committed: 851.
num_space_uncommitted: 0.
num_chunks_returned_to_freelist: 535.
num_chunks_taken_from_freelist: 6215.
num_chunk_merges: 186.
num_chunk_splits: 3903.
num_chunks_enlarged: 2366.
num_inconsistent_stats: 0.

CodeHeap 'non-profiled nmethods': size=120000Kb used=4407Kb max_used=4407Kb free=115592Kb
 bounds [0x000002008e680000, 0x000002008ead0000, 0x0000020095bb0000]
CodeHeap 'profiled nmethods': size=120000Kb used=13567Kb max_used=13567Kb free=106432Kb
 bounds [0x0000020086bb0000, 0x00000200878f0000, 0x000002008e0e0000]
CodeHeap 'non-nmethods': size=5760Kb used=2610Kb max_used=2637Kb free=3149Kb
 bounds [0x000002008e0e0000, 0x000002008e380000, 0x000002008e680000]
CodeCache: size=245760Kb, used=20584Kb, max_used=20611Kb, free=225173Kb
 total_blobs=7849, nmethods=6969, adapters=784, full_count=0
Compilation: enabled, stopped_count=0, restarted_count=0

Compilation events (20 events):
Event: 931.201 Thread 0x0000020099382230 nmethod 7535 0x000002008eacce10 code [0x000002008eaccfc0, 0x000002008eacd310]
Event: 931.202 Thread 0x000002009938ecb0 7536       1       org.gradle.internal.reflect.MutableClassDetails::getInstanceFields (5 bytes)
Event: 931.202 Thread 0x000002009938ecb0 nmethod 7536 0x000002008eacd490 code [0x000002008eacd620, 0x000002008eacd6e8]
Event: 931.202 Thread 0x000002009938ecb0 7537       3       org.gradle.internal.instantiation.generator.AbstractClassGenerator$ClassGenerationHandler::applyTo (1 bytes)
Event: 931.202 Thread 0x000002009938ecb0 nmethod 7537 0x00000200878eb410 code [0x00000200878eb5a0, 0x00000200878eb6a8]
Event: 931.204 Thread 0x000002009938ecb0 7538       3       org.gradle.model.internal.asm.AsmClassGeneratorUtils::visitTypes (33 bytes)
Event: 931.204 Thread 0x000002009938ecb0 nmethod 7538 0x00000200878eb710 code [0x00000200878eb8c0, 0x00000200878ebab0]
Event: 931.213 Thread 0x0000020099382230 7539 %     4       org.gradle.internal.instantiation.generator.AbstractClassGenerator::inspectType @ 107 (602 bytes)
Event: 931.217 Thread 0x000002009938ecb0 7540       3       org.gradle.internal.instantiation.generator.AbstractClassGenerator$PropertyMetadata$$Lambda/0x000002009b1d5e18::test (12 bytes)
Event: 931.217 Thread 0x000002009938ecb0 nmethod 7540 0x00000200878ebc10 code [0x00000200878ebe00, 0x00000200878ec448]
Event: 931.217 Thread 0x000002009938ecb0 7541       3       org.gradle.internal.instantiation.generator.AbstractClassGenerator$PropertyMetadata::lambda$isReadableWithoutSetterOfPropertyType$0 (14 bytes)
Event: 931.217 Thread 0x000002009938ecb0 nmethod 7541 0x00000200878ec690 code [0x00000200878ec8c0, 0x00000200878ed2a0]
Event: 931.217 Thread 0x000002009938ecb0 7542       3       org.objectweb.asm.AnnotationWriter::<init> (60 bytes)
Event: 931.218 Thread 0x000002009938ecb0 nmethod 7542 0x00000200878ed610 code [0x00000200878ed7e0, 0x00000200878edbc8]
Event: 931.224 Thread 0x000002009938ecb0 7544       3       sun.reflect.generics.tree.TypeVariableSignature::accept (8 bytes)
Event: 931.224 Thread 0x000002009938ecb0 nmethod 7544 0x00000200878edd10 code [0x00000200878edee0, 0x00000200878ee308]
Event: 931.224 Thread 0x000002009938ecb0 7545       3       sun.reflect.generics.visitor.Reifier::visitTypeVariableSignature (18 bytes)
Event: 931.224 Thread 0x000002009938ecb0 nmethod 7545 0x00000200878ee510 code [0x00000200878ee6e0, 0x00000200878eea58]
Event: 931.236 Thread 0x000002009938ecb0 7546       3       org.objectweb.asm.AnnotationWriter::create (34 bytes)
Event: 931.236 Thread 0x000002009938ecb0 nmethod 7546 0x00000200878eec10 code [0x00000200878eee20, 0x00000200878ef2e0]

GC Heap History (16 events):
Event: 9.252 GC heap before
{Heap before GC invocations=0 (full 0):
 garbage-first heap   total 262144K, used 23552K [0x00000000e0000000, 0x0000000100000000)
  region size 1024K, 23 young (23552K), 0 survivors (0K)
 Metaspace       used 925K, committed 1088K, reserved 393216K
  class space    used 76K, committed 128K, reserved 327680K
}
Event: 9.413 GC heap after
{Heap after GC invocations=1 (full 0):
 garbage-first heap   total 262144K, used 1621K [0x00000000e0000000, 0x0000000100000000)
  region size 1024K, 2 young (2048K), 2 survivors (2048K)
 Metaspace       used 925K, committed 1088K, reserved 393216K
  class space    used 76K, committed 128K, reserved 327680K
}
Event: 20.323 GC heap before
{Heap before GC invocations=1 (full 0):
 garbage-first heap   total 262144K, used 41557K [0x00000000e0000000, 0x0000000100000000)
  region size 1024K, 39 young (39936K), 2 survivors (2048K)
 Metaspace       used 4455K, committed 4608K, reserved 393216K
  class space    used 564K, committed 640K, reserved 327680K
}
Event: 20.328 GC heap after
{Heap after GC invocations=2 (full 0):
 garbage-first heap   total 262144K, used 10985K [0x00000000e0000000, 0x0000000100000000)
  region size 1024K, 5 young (5120K), 5 survivors (5120K)
 Metaspace       used 4455K, committed 4608K, reserved 393216K
  class space    used 564K, committed 640K, reserved 327680K
}
Event: 36.382 GC heap before
{Heap before GC invocations=2 (full 0):
 garbage-first heap   total 262144K, used 72425K [0x00000000e0000000, 0x0000000100000000)
  region size 1024K, 64 young (65536K), 5 survivors (5120K)
 Metaspace       used 8450K, committed 8832K, reserved 393216K
  class space    used 1159K, committed 1344K, reserved 327680K
}
Event: 36.389 GC heap after
{Heap after GC invocations=3 (full 0):
 garbage-first heap   total 262144K, used 18839K [0x00000000e0000000, 0x0000000100000000)
  region size 1024K, 7 young (7168K), 7 survivors (7168K)
 Metaspace       used 8450K, committed 8832K, reserved 393216K
  class space    used 1159K, committed 1344K, reserved 327680K
}
Event: 52.162 GC heap before
{Heap before GC invocations=3 (full 0):
 garbage-first heap   total 262144K, used 99735K [0x00000000e0000000, 0x0000000100000000)
  region size 1024K, 87 young (89088K), 7 survivors (7168K)
 Metaspace       used 20819K, committed 21504K, reserved 393216K
  class space    used 3067K, committed 3392K, reserved 327680K
}
Event: 52.168 GC heap after
{Heap after GC invocations=4 (full 0):
 garbage-first heap   total 262144K, used 24286K [0x00000000e0000000, 0x0000000100000000)
  region size 1024K, 12 young (12288K), 12 survivors (12288K)
 Metaspace       used 20819K, committed 21504K, reserved 393216K
  class space    used 3067K, committed 3392K, reserved 327680K
}
Event: 750.133 GC heap before
{Heap before GC invocations=5 (full 0):
 garbage-first heap   total 262144K, used 168670K [0x00000000e0000000, 0x0000000100000000)
  region size 1024K, 153 young (156672K), 12 survivors (12288K)
 Metaspace       used 33054K, committed 33984K, reserved 393216K
  class space    used 4717K, committed 5120K, reserved 327680K
}
Event: 750.219 GC heap after
{Heap after GC invocations=6 (full 0):
 garbage-first heap   total 262144K, used 31804K [0x00000000e0000000, 0x0000000100000000)
  region size 1024K, 13 young (13312K), 13 survivors (13312K)
 Metaspace       used 33054K, committed 33984K, reserved 393216K
  class space    used 4717K, committed 5120K, reserved 327680K
}
Event: 751.062 GC heap before
{Heap before GC invocations=6 (full 0):
 garbage-first heap   total 262144K, used 54332K [0x00000000e0000000, 0x0000000100000000)
  region size 1024K, 32 young (32768K), 13 survivors (13312K)
 Metaspace       used 34904K, committed 35968K, reserved 393216K
  class space    used 4902K, committed 5440K, reserved 327680K
}
Event: 751.075 GC heap after
{Heap after GC invocations=7 (full 0):
 garbage-first heap   total 262144K, used 32136K [0x00000000e0000000, 0x0000000100000000)
  region size 1024K, 8 young (8192K), 8 survivors (8192K)
 Metaspace       used 34904K, committed 35968K, reserved 393216K
  class space    used 4902K, committed 5440K, reserved 327680K
}
Event: 751.390 GC heap before
{Heap before GC invocations=7 (full 0):
 garbage-first heap   total 262144K, used 35208K [0x00000000e0000000, 0x0000000100000000)
  region size 1024K, 12 young (12288K), 8 survivors (8192K)
 Metaspace       used 35258K, committed 36288K, reserved 393216K
  class space    used 4955K, committed 5440K, reserved 327680K
}
Event: 751.394 GC heap after
{Heap after GC invocations=8 (full 0):
 garbage-first heap   total 262144K, used 31879K [0x00000000e0000000, 0x0000000100000000)
  region size 1024K, 8 young (8192K), 8 survivors (8192K)
 Metaspace       used 35258K, committed 36288K, reserved 393216K
  class space    used 4955K, committed 5440K, reserved 327680K
}
Event: 914.281 GC heap before
{Heap before GC invocations=9 (full 0):
 garbage-first heap   total 262144K, used 181383K [0x00000000e0000000, 0x0000000100000000)
  region size 1024K, 153 young (156672K), 8 survivors (8192K)
 Metaspace       used 48917K, committed 50368K, reserved 393216K
  class space    used 7039K, committed 7744K, reserved 327680K
}
Event: 914.341 GC heap after
{Heap after GC invocations=10 (full 0):
 garbage-first heap   total 262144K, used 38636K [0x00000000e0000000, 0x0000000100000000)
  region size 1024K, 15 young (15360K), 15 survivors (15360K)
 Metaspace       used 48917K, committed 50368K, reserved 393216K
  class space    used 7039K, committed 7744K, reserved 327680K
}

Dll operation events (20 events):
Event: 1.431 Attempting to load shared library C:\Users\wogud\.vscode\extensions\redhat.java-1.56.0-win32-x64\jre\21.0.12.1-win32-x86_64\bin\nio.dll
Event: 1.476 Loaded shared library C:\Users\wogud\.vscode\extensions\redhat.java-1.56.0-win32-x64\jre\21.0.12.1-win32-x86_64\bin\nio.dll
Event: 1.508 Attempting to load shared library C:\Users\wogud\.vscode\extensions\redhat.java-1.56.0-win32-x64\jre\21.0.12.1-win32-x86_64\bin\zip.dll
Event: 1.508 Loaded shared library C:\Users\wogud\.vscode\extensions\redhat.java-1.56.0-win32-x64\jre\21.0.12.1-win32-x86_64\bin\zip.dll
Event: 9.510 Attempting to load shared library C:\Users\wogud\.vscode\extensions\redhat.java-1.56.0-win32-x64\jre\21.0.12.1-win32-x86_64\bin\jimage.dll
Event: 9.510 Loaded shared library C:\Users\wogud\.vscode\extensions\redhat.java-1.56.0-win32-x64\jre\21.0.12.1-win32-x86_64\bin\jimage.dll
Event: 11.832 Attempting to load shared library C:\Users\wogud\.vscode\extensions\redhat.java-1.56.0-win32-x64\jre\21.0.12.1-win32-x86_64\bin\verify.dll
Event: 11.834 Loaded shared library C:\Users\wogud\.vscode\extensions\redhat.java-1.56.0-win32-x64\jre\21.0.12.1-win32-x86_64\bin\verify.dll
Event: 12.491 Attempting to load shared library C:\Users\wogud\.gradle\native\1def1411415f61bf3af743bc5b6707747c0891f09f0c88961ee8f79bc544acac\windows-amd64\native-platform.dll
Event: 12.514 Loaded shared library C:\Users\wogud\.gradle\native\1def1411415f61bf3af743bc5b6707747c0891f09f0c88961ee8f79bc544acac\windows-amd64\native-platform.dll
Event: 12.623 Attempting to load shared library C:\Users\wogud\.gradle\native\0.2.7\x86_64-windows-gnu\gradle-fileevents.dll
Event: 12.625 Loaded shared library C:\Users\wogud\.gradle\native\0.2.7\x86_64-windows-gnu\gradle-fileevents.dll
Event: 32.839 Attempting to load shared library C:\Users\wogud\.vscode\extensions\redhat.java-1.56.0-win32-x64\jre\21.0.12.1-win32-x86_64\bin\management.dll
Event: 32.842 Loaded shared library C:\Users\wogud\.vscode\extensions\redhat.java-1.56.0-win32-x64\jre\21.0.12.1-win32-x86_64\bin\management.dll
Event: 32.846 Attempting to load shared library C:\Users\wogud\.vscode\extensions\redhat.java-1.56.0-win32-x64\jre\21.0.12.1-win32-x86_64\bin\management_ext.dll
Event: 32.848 Loaded shared library C:\Users\wogud\.vscode\extensions\redhat.java-1.56.0-win32-x64\jre\21.0.12.1-win32-x86_64\bin\management_ext.dll
Event: 36.169 Attempting to load shared library C:\Users\wogud\.vscode\extensions\redhat.java-1.56.0-win32-x64\jre\21.0.12.1-win32-x86_64\bin\extnet.dll
Event: 36.294 Loaded shared library C:\Users\wogud\.vscode\extensions\redhat.java-1.56.0-win32-x64\jre\21.0.12.1-win32-x86_64\bin\extnet.dll
Event: 39.357 Attempting to load shared library C:\Users\wogud\.vscode\extensions\redhat.java-1.56.0-win32-x64\jre\21.0.12.1-win32-x86_64\bin\sunmscapi.dll
Event: 39.409 Loaded shared library C:\Users\wogud\.vscode\extensions\redhat.java-1.56.0-win32-x64\jre\21.0.12.1-win32-x86_64\bin\sunmscapi.dll

Deoptimization events (20 events):
Event: 930.851 Thread 0x00000200b33c02d0 Uncommon trap: trap_request=0xffffffde fr.pc=0x000002008e6b4804 relative=0x00000000000002a4
Event: 930.851 Thread 0x00000200b33c02d0 Uncommon trap: reason=class_check action=maybe_recompile pc=0x000002008e6b4804 method=java.util.regex.Matcher.search(I)Z @ 121 c2
Event: 930.851 Thread 0x00000200b33c02d0 DEOPT PACKING pc=0x000002008e6b4804 sp=0x000000112a1f8410
Event: 930.851 Thread 0x00000200b33c02d0 DEOPT UNPACKING pc=0x000002008e134422 sp=0x000000112a1f8338 mode 2
Event: 930.861 Thread 0x00000200b33c02d0 Uncommon trap: trap_request=0xffffffde fr.pc=0x000002008e6b4804 relative=0x00000000000002a4
Event: 930.861 Thread 0x00000200b33c02d0 Uncommon trap: reason=class_check action=maybe_recompile pc=0x000002008e6b4804 method=java.util.regex.Matcher.search(I)Z @ 121 c2
Event: 930.861 Thread 0x00000200b33c02d0 DEOPT PACKING pc=0x000002008e6b4804 sp=0x000000112a1f8410
Event: 930.861 Thread 0x00000200b33c02d0 DEOPT UNPACKING pc=0x000002008e134422 sp=0x000000112a1f8338 mode 2
Event: 930.925 Thread 0x00000200b33c02d0 Uncommon trap: trap_request=0xffffffde fr.pc=0x000002008e6b4804 relative=0x00000000000002a4
Event: 930.925 Thread 0x00000200b33c02d0 Uncommon trap: reason=class_check action=maybe_recompile pc=0x000002008e6b4804 method=java.util.regex.Matcher.search(I)Z @ 121 c2
Event: 930.925 Thread 0x00000200b33c02d0 DEOPT PACKING pc=0x000002008e6b4804 sp=0x000000112a1f83b0
Event: 930.925 Thread 0x00000200b33c02d0 DEOPT UNPACKING pc=0x000002008e134422 sp=0x000000112a1f82d8 mode 2
Event: 930.925 Thread 0x00000200b33c02d0 Uncommon trap: trap_request=0xffffffde fr.pc=0x000002008e6b4804 relative=0x00000000000002a4
Event: 930.925 Thread 0x00000200b33c02d0 Uncommon trap: reason=class_check action=maybe_recompile pc=0x000002008e6b4804 method=java.util.regex.Matcher.search(I)Z @ 121 c2
Event: 930.925 Thread 0x00000200b33c02d0 DEOPT PACKING pc=0x000002008e6b4804 sp=0x000000112a1f83b0
Event: 930.925 Thread 0x00000200b33c02d0 DEOPT UNPACKING pc=0x000002008e134422 sp=0x000000112a1f82d8 mode 2
Event: 930.989 Thread 0x00000200b33c02d0 Uncommon trap: trap_request=0xffffffde fr.pc=0x000002008e9a15b4 relative=0x0000000000000274
Event: 930.989 Thread 0x00000200b33c02d0 Uncommon trap: reason=class_check action=maybe_recompile pc=0x000002008e9a15b4 method=java.util.regex.Matcher.search(I)Z @ 121 c2
Event: 930.989 Thread 0x00000200b33c02d0 DEOPT PACKING pc=0x000002008e9a15b4 sp=0x000000112a1f8390
Event: 930.989 Thread 0x00000200b33c02d0 DEOPT UNPACKING pc=0x000002008e134422 sp=0x000000112a1f8330 mode 2

Classes loaded (20 events):
Event: 927.821 Loading class jdk/xml/internal/XMLSecurityManager$NameMap
Event: 927.821 Loading class jdk/xml/internal/XMLSecurityManager$NameMap done
Event: 927.822 Loading class com/sun/org/apache/xerces/internal/utils/XMLSecurityPropertyManager
Event: 927.823 Loading class com/sun/org/apache/xerces/internal/utils/XMLSecurityPropertyManager done
Event: 927.823 Loading class com/sun/org/apache/xerces/internal/utils/XMLSecurityPropertyManager$State
Event: 927.823 Loading class com/sun/org/apache/xerces/internal/utils/XMLSecurityPropertyManager$State done
Event: 927.823 Loading class com/sun/org/apache/xerces/internal/utils/XMLSecurityPropertyManager$Property
Event: 927.823 Loading class com/sun/org/apache/xerces/internal/utils/XMLSecurityPropertyManager$Property done
Event: 927.824 Loading class javax/xml/parsers/DocumentBuilderFactory
Event: 927.825 Loading class javax/xml/parsers/DocumentBuilderFactory done
Event: 927.826 Loading class javax/xml/parsers/FactoryFinder
Event: 927.827 Loading class javax/xml/parsers/FactoryFinder done
Event: 927.827 Loading class javax/xml/parsers/FactoryFinder$1
Event: 927.828 Loading class javax/xml/parsers/FactoryFinder$1 done
Event: 927.828 Loading class com/sun/org/apache/xerces/internal/jaxp/DocumentBuilderFactoryImpl
Event: 927.828 Loading class com/sun/org/apache/xerces/internal/jaxp/DocumentBuilderFactoryImpl done
Event: 928.058 Loading class java/util/ArrayList$SubList$1
Event: 928.058 Loading class java/util/ArrayList$SubList$1 done
Event: 928.344 Loading class java/util/regex/Pattern$SliceI
Event: 928.345 Loading class java/util/regex/Pattern$SliceI done

Classes unloaded (20 events):
Event: 751.409 Thread 0x0000020099352b20 Unloading class 0x000002009b0e5c00 'java/lang/invoke/LambdaForm$MH+0x000002009b0e5c00'
Event: 751.409 Thread 0x0000020099352b20 Unloading class 0x000002009b0e5800 'java/lang/invoke/LambdaForm$MH+0x000002009b0e5800'
Event: 751.409 Thread 0x0000020099352b20 Unloading class 0x000002009b0e5000 'java/lang/invoke/LambdaForm$MH+0x000002009b0e5000'
Event: 751.409 Thread 0x0000020099352b20 Unloading class 0x000002009b0e4c00 'java/lang/invoke/LambdaForm$MH+0x000002009b0e4c00'
Event: 751.409 Thread 0x0000020099352b20 Unloading class 0x000002009b0e4800 'java/lang/invoke/LambdaForm$MH+0x000002009b0e4800'
Event: 751.409 Thread 0x0000020099352b20 Unloading class 0x000002009b0dcc00 'java/lang/invoke/LambdaForm$MH+0x000002009b0dcc00'
Event: 751.409 Thread 0x0000020099352b20 Unloading class 0x000002009b0dc800 'java/lang/invoke/LambdaForm$MH+0x000002009b0dc800'
Event: 751.409 Thread 0x0000020099352b20 Unloading class 0x000002009b0dc400 'java/lang/invoke/LambdaForm$MH+0x000002009b0dc400'
Event: 751.409 Thread 0x0000020099352b20 Unloading class 0x000002009b0dc000 'java/lang/invoke/LambdaForm$BMH+0x000002009b0dc000'
Event: 751.409 Thread 0x0000020099352b20 Unloading class 0x000002009b094400 'java/lang/invoke/LambdaForm$MH+0x000002009b094400'
Event: 751.409 Thread 0x0000020099352b20 Unloading class 0x000002009b094000 'java/lang/invoke/LambdaForm$MH+0x000002009b094000'
Event: 751.409 Thread 0x0000020099352b20 Unloading class 0x000002009b084000 'java/lang/invoke/LambdaForm$DMH+0x000002009b084000'
Event: 751.409 Thread 0x0000020099352b20 Unloading class 0x000002009b036000 'java/lang/invoke/LambdaForm$MH+0x000002009b036000'
Event: 751.409 Thread 0x0000020099352b20 Unloading class 0x000002009b035c00 'java/lang/invoke/LambdaForm$MH+0x000002009b035c00'
Event: 751.409 Thread 0x0000020099352b20 Unloading class 0x000002009b035800 'java/lang/invoke/LambdaForm$MH+0x000002009b035800'
Event: 751.409 Thread 0x0000020099352b20 Unloading class 0x000002009b034000 'java/lang/invoke/LambdaForm$MH+0x000002009b034000'
Event: 751.409 Thread 0x0000020099352b20 Unloading class 0x000002009b002400 'java/lang/invoke/LambdaForm$MH+0x000002009b002400'
Event: 751.409 Thread 0x0000020099352b20 Unloading class 0x000002009b002000 'java/lang/invoke/LambdaForm$MH+0x000002009b002000'
Event: 751.409 Thread 0x0000020099352b20 Unloading class 0x000002009b001c00 'java/lang/invoke/LambdaForm$MH+0x000002009b001c00'
Event: 751.409 Thread 0x0000020099352b20 Unloading class 0x000002009b001400 'java/lang/invoke/LambdaForm$MH+0x000002009b001400'

Classes redefined (0 events):
No events

Internal exceptions (20 events):
Event: 904.537 Thread 0x00000200b33c02d0 Exception <a 'java/lang/NoSuchMethodError'{0x00000000e7bf8880}: 'int java.lang.invoke.DirectMethodHandle$Holder.invokeInterface(java.lang.Object, java.lang.Object, java.lang.Object, java.lang.Object, java.lang.Object)'> (0x00000000e7bf8880) 
thrown [s\src\hotspot\share\interpreter\linkResolver.cpp, line 773]
Event: 905.703 Thread 0x00000200b33c02d0 Exception <a 'java/lang/NoSuchMethodError'{0x00000000e7814058}: 'java.lang.Object java.lang.invoke.DirectMethodHandle$Holder.invokeVirtual(java.lang.Object, java.lang.Object, java.lang.Object, java.lang.Object, java.lang.Object, java.lang.Object, java.lang.Object, java.lang.Object, java.lang.Object, java.lang.Object, java.lang.Object, java.lang.Object, java.lang.Object, java.lang.Object, java.lang.Object)'> (0x00000000e7814058) 
thrown [s\src\hotspot\share\interpreter\linkResolver.cpp, line 773]
Event: 905.767 Thread 0x00000200b33c02d0 Exception <a 'java/lang/NoSuchMethodError'{0x00000000e78ebe58}: 'java.lang.Object java.lang.invoke.DirectMethodHandle$Holder.newInvokeSpecial(java.lang.Object, java.lang.Object, java.lang.Object, java.lang.Object, java.lang.Object, java.lang.Object, java.lang.Object, java.lang.Object, java.lang.Object, java.lang.Object, java.lang.Object, java.lang.Object, java.lang.Object)'> (0x00000000e78ebe58) 
thrown [s\src\hotspot\share\interpreter\linkResolver.cpp, line 773]
Event: 907.918 Thread 0x00000200b33c02d0 Exception <a 'java/lang/NoSuchMethodError'{0x00000000e73e10f0}: 'int java.lang.invoke.DirectMethodHandle$Holder.invokeInterface(java.lang.Object, java.lang.Object, java.lang.Object, java.lang.Object)'> (0x00000000e73e10f0) 
thrown [s\src\hotspot\share\interpreter\linkResolver.cpp, line 773]
Event: 908.315 Thread 0x00000200b33c02d0 Exception <a 'java/lang/NoSuchMethodError'{0x00000000e71a0868}: 'java.lang.Object java.lang.invoke.DirectMethodHandle$Holder.invokeStatic(java.lang.Object, long, java.lang.Object)'> (0x00000000e71a0868) 
thrown [s\src\hotspot\share\interpreter\linkResolver.cpp, line 773]
Event: 908.318 Thread 0x00000200b33c02d0 Exception <a 'java/lang/NoSuchMethodError'{0x00000000e71a7908}: 'java.lang.Object java.lang.invoke.DirectMethodHandle$Holder.newInvokeSpecial(java.lang.Object, long)'> (0x00000000e71a7908) 
thrown [s\src\hotspot\share\interpreter\linkResolver.cpp, line 773]
Event: 908.836 Thread 0x00000200b33c02d0 Exception <a 'java/lang/NoSuchMethodError'{0x00000000e7074160}: 'java.lang.Object java.lang.invoke.DirectMethodHandle$Holder.newInvokeSpecial(java.lang.Object, java.lang.Object, java.lang.Object, java.lang.Object, java.lang.Object, long, java.lang.Object)'> (0x00000000e7074160) 
thrown [s\src\hotspot\share\interpreter\linkResolver.cpp, line 773]
Event: 908.839 Thread 0x00000200b33c02d0 Exception <a 'java/lang/NoSuchMethodError'{0x00000000e707c7f8}: 'java.lang.Object java.lang.invoke.Invokers$Holder.linkToTargetMethod(java.lang.Object, java.lang.Object, java.lang.Object, java.lang.Object, long, java.lang.Object, java.lang.Object)'> (0x00000000e707c7f8) 
thrown [s\src\hotspot\share\interpreter\linkResolver.cpp, line 773]
Event: 908.862 Thread 0x00000200b33c02d0 Exception <a 'java/lang/NoSuchMethodError'{0x00000000e70c1b40}: 'java.lang.Object java.lang.invoke.DirectMethodHandle$Holder.newInvokeSpecial(java.lang.Object, java.lang.Object, java.lang.Object, long, java.lang.Object)'> (0x00000000e70c1b40) 
thrown [s\src\hotspot\share\interpreter\linkResolver.cpp, line 773]
Event: 908.868 Thread 0x00000200b33c02d0 Exception <a 'java/lang/NoSuchMethodError'{0x00000000e70c6780}: 'java.lang.Object java.lang.invoke.DirectMethodHandle$Holder.invokeSpecial(java.lang.Object, java.lang.Object, java.lang.Object, java.lang.Object, long, java.lang.Object)'> (0x00000000e70c6780) 
thrown [s\src\hotspot\share\interpreter\linkResolver.cpp, line 773]
Event: 908.869 Thread 0x00000200b33c02d0 Exception <a 'java/lang/NoSuchMethodError'{0x00000000e70cac80}: 'java.lang.Object java.lang.invoke.Invokers$Holder.linkToTargetMethod(java.lang.Object, java.lang.Object, long, java.lang.Object, java.lang.Object)'> (0x00000000e70cac80) 
thrown [s\src\hotspot\share\interpreter\linkResolver.cpp, line 773]
Event: 909.583 Thread 0x00000200b33c02d0 Exception <a 'java/lang/NoSuchMethodError'{0x00000000e6d05608}: 'java.lang.Object java.lang.invoke.DirectMethodHandle$Holder.invokeSpecial(java.lang.Object, java.lang.Object, long, java.lang.Object, java.lang.Object)'> (0x00000000e6d05608) 
thrown [s\src\hotspot\share\interpreter\linkResolver.cpp, line 773]
Event: 914.589 Thread 0x00000200b33c02d0 Exception <a 'java/lang/NoSuchMethodError'{0x00000000efc4cbd8}: 'java.lang.Object java.lang.invoke.DirectMethodHandle$Holder.newInvokeSpecial(java.lang.Object, java.lang.Object, java.lang.Object, java.lang.Object, int, java.lang.Object)'> (0x00000000efc4cbd8) 
thrown [s\src\hotspot\share\interpreter\linkResolver.cpp, line 773]
Event: 914.589 Thread 0x00000200b33c02d0 Exception <a 'java/lang/NoSuchMethodError'{0x00000000efc55128}: 'java.lang.Object java.lang.invoke.Invokers$Holder.linkToTargetMethod(java.lang.Object, java.lang.Object, java.lang.Object, int, java.lang.Object, java.lang.Object)'> (0x00000000efc55128) 
thrown [s\src\hotspot\share\interpreter\linkResolver.cpp, line 773]
Event: 921.616 Thread 0x00000200b33c02d0 Exception <a 'java/lang/NoSuchMethodError'{0x00000000ef2f2f58}: 'java.lang.Object java.lang.invoke.DirectMethodHandle$Holder.invokeSpecialIFC(java.lang.Object, java.lang.Object, java.lang.Object)'> (0x00000000ef2f2f58) 
thrown [s\src\hotspot\share\interpreter\linkResolver.cpp, line 773]
Event: 927.878 Thread 0x00000200b33c02d0 Exception <a 'java/lang/NoSuchMethodError'{0x00000000eda1cee8}: 'java.lang.Object java.lang.invoke.DirectMethodHandle$Holder.newInvokeSpecial(java.lang.Object, java.lang.Object, java.lang.Object, java.lang.Object, java.lang.Object, java.lang.Object, java.lang.Object, java.lang.Object, java.lang.Object, java.lang.Object, java.lang.Object, java.lang.Object, java.lang.Object, java.lang.Object, java.lang.Object, java.lang.Object)'> (0x00000000eda1cee8) 
thrown [s\src\hotspot\share\interpreter\linkResolver.cpp,
Event: 927.879 Thread 0x00000200b33c02d0 Exception <a 'java/lang/NoSuchMethodError'{0x00000000eda238b0}: 'java.lang.Object java.lang.invoke.DirectMethodHandle$Holder.invokeSpecial(java.lang.Object, java.lang.Object, java.lang.Object, java.lang.Object, java.lang.Object, java.lang.Object, java.lang.Object, java.lang.Object, java.lang.Object, java.lang.Object, java.lang.Object, java.lang.Object, java.lang.Object, java.lang.Object, java.lang.Object, java.lang.Object, java.lang.Object)'> (0x00000000eda238b0) 
thrown [s\src\hotspot\share\interpreter\li
Event: 927.880 Thread 0x00000200b33c02d0 Exception <a 'java/lang/NoSuchMethodError'{0x00000000eda291e0}: 'java.lang.Object java.lang.invoke.DelegatingMethodHandle$Holder.reinvoke_L(java.lang.Object, java.lang.Object, java.lang.Object, java.lang.Object, java.lang.Object, java.lang.Object, java.lang.Object, java.lang.Object, java.lang.Object, java.lang.Object, java.lang.Object, java.lang.Object, java.lang.Object, java.lang.Object, java.lang.Object, java.lang.Object)'> (0x00000000eda291e0) 
thrown [s\src\hotspot\share\interpreter\linkResolver.cpp, l
Event: 929.170 Thread 0x00000200b33c02d0 Exception <a 'java/lang/NoSuchMethodError'{0x00000000ed7c0bc8}: 'void java.lang.invoke.DirectMethodHandle$Holder.invokeVirtual(java.lang.Object, java.lang.Object)'> (0x00000000ed7c0bc8) 
thrown [s\src\hotspot\share\interpreter\linkResolver.cpp, line 773]
Event: 931.319 Thread 0x00000200b33c02d0 Exception <a 'java/lang/NoSuchMethodError'{0x00000000ecdff2f8}: 'java.lang.Object java.lang.invoke.DirectMethodHandle$Holder.newInvokeSpecial(java.lang.Object, java.lang.Object, java.lang.Object, java.lang.Object, java.lang.Object, java.lang.Object, java.lang.Object, java.lang.Object, java.lang.Object, java.lang.Object, java.lang.Object, java.lang.Object, java.lang.Object, java.lang.Object, java.lang.Object, java.lang.Object, java.lang.Object, java.lang.Object, java.lang.Object, java.lang.Object, java.lang

ZGC Phase Switch (0 events):
No events

VM Operations (20 events):
Event: 922.818 Executing safepoint VM operation: Cleanup
Event: 923.314 Executing safepoint VM operation: Cleanup done
Event: 924.321 Executing safepoint VM operation: Cleanup
Event: 924.321 Executing safepoint VM operation: Cleanup done
Event: 925.322 Executing safepoint VM operation: Cleanup
Event: 925.503 Executing safepoint VM operation: Cleanup done
Event: 926.514 Executing safepoint VM operation: Cleanup
Event: 926.530 Executing safepoint VM operation: Cleanup done
Event: 927.540 Executing safepoint VM operation: Cleanup
Event: 927.571 Executing safepoint VM operation: Cleanup done
Event: 928.050 Executing non-safepoint VM operation: HandshakeAllThreads (Deoptimize)
Event: 928.051 Executing non-safepoint VM operation: HandshakeAllThreads (Deoptimize) done
Event: 929.051 Executing safepoint VM operation: Cleanup
Event: 929.127 Executing safepoint VM operation: Cleanup done
Event: 930.141 Executing safepoint VM operation: Cleanup
Event: 930.201 Executing safepoint VM operation: Cleanup done
Event: 931.215 Executing safepoint VM operation: Cleanup
Event: 931.215 Executing safepoint VM operation: Cleanup done
Event: 932.217 Executing safepoint VM operation: Cleanup
Event: 932.217 Executing safepoint VM operation: Cleanup done

Memory protections (0 events):
No events

Nmethod flushes (20 events):
Event: 751.441 Thread 0x0000020099352b20 flushing  nmethod 0x0000020086c9ca90
Event: 751.441 Thread 0x0000020099352b20 flushing  nmethod 0x0000020086c9d290
Event: 751.441 Thread 0x0000020099352b20 flushing  nmethod 0x0000020086ca1d10
Event: 751.441 Thread 0x0000020099352b20 flushing  nmethod 0x0000020086cacc10
Event: 751.441 Thread 0x0000020099352b20 flushing  nmethod 0x0000020086caea10
Event: 751.441 Thread 0x0000020099352b20 flushing  nmethod 0x0000020086d84590
Event: 751.441 Thread 0x0000020099352b20 flushing  nmethod 0x0000020086d87590
Event: 751.441 Thread 0x0000020099352b20 flushing  nmethod 0x0000020086d87d90
Event: 751.441 Thread 0x0000020099352b20 flushing  nmethod 0x0000020086d8b210
Event: 751.441 Thread 0x0000020099352b20 flushing  nmethod 0x0000020086ed5f90
Event: 751.441 Thread 0x0000020099352b20 flushing  nmethod 0x0000020086f0bf10
Event: 751.441 Thread 0x0000020099352b20 flushing  nmethod 0x0000020086f15790
Event: 751.441 Thread 0x0000020099352b20 flushing  nmethod 0x0000020086f15e90
Event: 751.441 Thread 0x0000020099352b20 flushing  nmethod 0x0000020086f18c10
Event: 751.441 Thread 0x0000020099352b20 flushing  nmethod 0x0000020086f19610
Event: 751.441 Thread 0x0000020099352b20 flushing  nmethod 0x0000020086f1a210
Event: 751.441 Thread 0x0000020099352b20 flushing  nmethod 0x0000020086f1b590
Event: 751.441 Thread 0x0000020099352b20 flushing  nmethod 0x0000020086f7e210
Event: 751.441 Thread 0x0000020099352b20 flushing osr nmethod 0x0000020087032e90
Event: 751.441 Thread 0x0000020099352b20 flushing  nmethod 0x0000020087070c90

Events (20 events):
Event: 913.858 Thread 0x00000200b33c02d0 Thread added: 0x00000200b682d4a0
Event: 913.858 Thread 0x00000200b33c02d0 Thread added: 0x00000200b682db30
Event: 913.858 Thread 0x00000200b33c02d0 Thread added: 0x00000200b682a6b0
Event: 913.858 Thread 0x00000200b33c02d0 Thread added: 0x00000200b6830920
Event: 913.858 Thread 0x00000200b33c02d0 Thread added: 0x00000200b682e1c0
Event: 915.493 Thread 0x00000200b33c02d0 Thread added: 0x00000200b682fc00
Event: 915.506 Thread 0x00000200b33c02d0 Thread added: 0x00000200b6830fb0
Event: 915.518 Thread 0x00000200b33c02d0 Thread added: 0x00000200b682f570
Event: 915.540 Thread 0x00000200b33c02d0 Thread added: 0x00000200b6831640
Event: 915.547 Thread 0x00000200b33c02d0 Thread added: 0x00000200b682e850
Event: 915.619 Thread 0x00000200b33c02d0 Thread added: 0x00000200b682eee0
Event: 915.635 Thread 0x00000200b33c02d0 Thread added: 0x00000200b6830290
Event: 921.618 Thread 0x00000200b33c02d0 Thread added: 0x00000200b44004f0
Event: 921.618 Thread 0x00000200b33c02d0 Thread added: 0x00000200b592a6f0
Event: 921.618 Thread 0x00000200b33c02d0 Thread added: 0x00000200b592ad80
Event: 921.620 Thread 0x00000200b33c02d0 Thread added: 0x00000200b592d4e0
Event: 921.620 Thread 0x00000200b33c02d0 Thread added: 0x00000200b592a060
Event: 921.620 Thread 0x00000200b33c02d0 Thread added: 0x00000200b592baa0
Event: 921.621 Thread 0x00000200b33c02d0 Thread added: 0x00000200b592db70
Event: 929.138 Thread 0x00000200b33c02d0 Thread added: 0x00000200b592e890


Dynamic libraries:
0x00007ff7ef440000 - 0x00007ff7ef44e000 	C:\Users\wogud\.vscode\extensions\redhat.java-1.56.0-win32-x64\jre\21.0.12.1-win32-x86_64\bin\java.exe
0x00007ffcb6200000 - 0x00007ffcb6466000 	C:\Windows\SYSTEM32\ntdll.dll
0x00007ffcb4c90000 - 0x00007ffcb4d59000 	C:\Windows\System32\KERNEL32.DLL
0x00007ffcb35a0000 - 0x00007ffcb399f000 	C:\Windows\System32\KERNELBASE.dll
0x00007ffcaa340000 - 0x00007ffcaa3df000 	C:\Windows\SYSTEM32\apphelp.dll
0x00007ffcb3d10000 - 0x00007ffcb3e5c000 	C:\Windows\System32\ucrtbase.dll
0x00007ffc9c920000 - 0x00007ffc9c93e000 	C:\Users\wogud\.vscode\extensions\redhat.java-1.56.0-win32-x64\jre\21.0.12.1-win32-x86_64\bin\VCRUNTIME140.dll
0x00007ffc9c900000 - 0x00007ffc9c918000 	C:\Users\wogud\.vscode\extensions\redhat.java-1.56.0-win32-x64\jre\21.0.12.1-win32-x86_64\bin\jli.dll
0x00007ffcb5530000 - 0x00007ffcb56f6000 	C:\Windows\System32\USER32.dll
0x00007ffcb3a40000 - 0x00007ffcb3a67000 	C:\Windows\System32\win32u.dll
0x00007ffcb5aa0000 - 0x00007ffcb5acb000 	C:\Windows\System32\GDI32.dll
0x00007ffcb3a70000 - 0x00007ffcb3b99000 	C:\Windows\System32\gdi32full.dll
0x00007ffcb3ba0000 - 0x00007ffcb3c43000 	C:\Windows\System32\msvcp_win.dll
0x00007ffc8f650000 - 0x00007ffc8f8e1000 	C:\Windows\WinSxS\amd64_microsoft.windows.common-controls_6595b64144ccf1df_6.0.26100.8972_none_3e0da176e32f9d4b\COMCTL32.dll
0x00007ffcb59f0000 - 0x00007ffcb5a99000 	C:\Windows\System32\msvcrt.dll
0x00007ffcb4ac0000 - 0x00007ffcb4af2000 	C:\Windows\System32\IMM32.DLL
0x00007ffca8370000 - 0x00007ffca837c000 	C:\Users\wogud\.vscode\extensions\redhat.java-1.56.0-win32-x64\jre\21.0.12.1-win32-x86_64\bin\vcruntime140_1.dll
0x00007ffc79240000 - 0x00007ffc792cd000 	C:\Users\wogud\.vscode\extensions\redhat.java-1.56.0-win32-x64\jre\21.0.12.1-win32-x86_64\bin\msvcp140.dll
0x00007ffc29f90000 - 0x00007ffc2ad32000 	C:\Users\wogud\.vscode\extensions\redhat.java-1.56.0-win32-x64\jre\21.0.12.1-win32-x86_64\bin\server\jvm.dll
0x00007ffcb4bc0000 - 0x00007ffcb4c7c000 	C:\Windows\System32\ADVAPI32.dll
0x00007ffcb4940000 - 0x00007ffcb49ea000 	C:\Windows\System32\sechost.dll
0x00007ffcb4f80000 - 0x00007ffcb5098000 	C:\Windows\System32\RPCRT4.dll
0x00007ffcb4df0000 - 0x00007ffcb4e72000 	C:\Windows\System32\WS2_32.dll
0x00007ffcb3270000 - 0x00007ffcb32ce000 	C:\Windows\SYSTEM32\POWRPROF.dll
0x00007ffc97cb0000 - 0x00007ffc97ce6000 	C:\Windows\SYSTEM32\WINMM.dll
0x00007ffc9eb00000 - 0x00007ffc9eb0b000 	C:\Windows\SYSTEM32\VERSION.dll
0x00007ffcb3250000 - 0x00007ffcb3265000 	C:\Windows\SYSTEM32\UMPDC.dll
0x00007ffcb2100000 - 0x00007ffcb211b000 	C:\Windows\SYSTEM32\kernel.appcore.dll
0x00007ffc9c1f0000 - 0x00007ffc9c1fa000 	C:\Users\wogud\.vscode\extensions\redhat.java-1.56.0-win32-x64\jre\21.0.12.1-win32-x86_64\bin\jimage.dll
0x00007ffcb0b20000 - 0x00007ffcb0d62000 	C:\Windows\SYSTEM32\DBGHELP.DLL
0x00007ffcb5c70000 - 0x00007ffcb5ff5000 	C:\Windows\System32\combase.dll
0x00007ffcb40d0000 - 0x00007ffcb41a9000 	C:\Windows\System32\OLEAUT32.dll
0x00007ffc82970000 - 0x00007ffc829ab000 	C:\Windows\SYSTEM32\dbgcore.DLL
0x00007ffcb3e70000 - 0x00007ffcb3f1c000 	C:\Windows\System32\bcryptPrimitives.dll
0x00007ffc98bb0000 - 0x00007ffc98bbf000 	C:\Users\wogud\.vscode\extensions\redhat.java-1.56.0-win32-x64\jre\21.0.12.1-win32-x86_64\bin\instrument.dll
0x00007ffc980d0000 - 0x00007ffc980f0000 	C:\Users\wogud\.vscode\extensions\redhat.java-1.56.0-win32-x64\jre\21.0.12.1-win32-x86_64\bin\java.dll
0x00007ffcb41b0000 - 0x00007ffcb4938000 	C:\Windows\System32\SHELL32.dll
0x00007ffcb0e90000 - 0x00007ffcb172b000 	C:\Windows\SYSTEM32\windows.storage.dll
0x00007ffcb4e80000 - 0x00007ffcb4f79000 	C:\Windows\System32\SHCORE.dll
0x00007ffcb5be0000 - 0x00007ffcb5c46000 	C:\Windows\System32\shlwapi.dll
0x00007ffcb3330000 - 0x00007ffcb3359000 	C:\Windows\SYSTEM32\profapi.dll
0x00007ffc90770000 - 0x00007ffc90788000 	C:\Users\wogud\.vscode\extensions\redhat.java-1.56.0-win32-x64\jre\21.0.12.1-win32-x86_64\bin\zip.dll
0x00007ffc9c100000 - 0x00007ffc9c110000 	C:\Users\wogud\.vscode\extensions\redhat.java-1.56.0-win32-x64\jre\21.0.12.1-win32-x86_64\bin\net.dll
0x00007ffc9fa30000 - 0x00007ffc9fb58000 	C:\Windows\SYSTEM32\WINHTTP.dll
0x00007ffcb26b0000 - 0x00007ffcb271c000 	C:\Windows\system32\mswsock.dll
0x00007ffc90750000 - 0x00007ffc90766000 	C:\Users\wogud\.vscode\extensions\redhat.java-1.56.0-win32-x64\jre\21.0.12.1-win32-x86_64\bin\nio.dll
0x00007ffc98b40000 - 0x00007ffc98b50000 	C:\Users\wogud\.vscode\extensions\redhat.java-1.56.0-win32-x64\jre\21.0.12.1-win32-x86_64\bin\verify.dll
0x00007ffc2df70000 - 0x00007ffc2df97000 	C:\Users\wogud\.gradle\native\1def1411415f61bf3af743bc5b6707747c0891f09f0c88961ee8f79bc544acac\windows-amd64\native-platform.dll
0x00007ffc306c0000 - 0x00007ffc30738000 	C:\Users\wogud\.gradle\native\0.2.7\x86_64-windows-gnu\gradle-fileevents.dll
0x00007ffc98c00000 - 0x00007ffc98c0a000 	C:\Users\wogud\.vscode\extensions\redhat.java-1.56.0-win32-x64\jre\21.0.12.1-win32-x86_64\bin\management.dll
0x00007ffc98bf0000 - 0x00007ffc98bfc000 	C:\Users\wogud\.vscode\extensions\redhat.java-1.56.0-win32-x64\jre\21.0.12.1-win32-x86_64\bin\management_ext.dll
0x00007ffcb4b00000 - 0x00007ffcb4b08000 	C:\Windows\System32\PSAPI.DLL
0x00007ffcb1a80000 - 0x00007ffcb1ab3000 	C:\Windows\SYSTEM32\IPHLPAPI.DLL
0x00007ffcb49f0000 - 0x00007ffcb49fa000 	C:\Windows\System32\NSI.dll
0x00007ffc98460000 - 0x00007ffc98469000 	C:\Users\wogud\.vscode\extensions\redhat.java-1.56.0-win32-x64\jre\21.0.12.1-win32-x86_64\bin\extnet.dll
0x00007ffcb29a0000 - 0x00007ffcb29bb000 	C:\Windows\SYSTEM32\CRYPTSP.dll
0x00007ffcb2060000 - 0x00007ffcb2099000 	C:\Windows\system32\rsaenh.dll
0x00007ffcb2760000 - 0x00007ffcb2792000 	C:\Windows\SYSTEM32\USERENV.dll
0x00007ffcb3300000 - 0x00007ffcb332a000 	C:\Windows\SYSTEM32\bcrypt.dll
0x00007ffcb29c0000 - 0x00007ffcb29cc000 	C:\Windows\SYSTEM32\CRYPTBASE.dll
0x00007ffc9b520000 - 0x00007ffc9b52e000 	C:\Users\wogud\.vscode\extensions\redhat.java-1.56.0-win32-x64\jre\21.0.12.1-win32-x86_64\bin\sunmscapi.dll
0x00007ffcb3410000 - 0x00007ffcb358e000 	C:\Windows\System32\CRYPT32.dll
0x00007ffcb2be0000 - 0x00007ffcb2c10000 	C:\Windows\SYSTEM32\ncrypt.dll
0x00007ffcb2b90000 - 0x00007ffcb2bcf000 	C:\Windows\SYSTEM32\NTASN1.dll
0x00007ffc74dc0000 - 0x00007ffc74dc8000 	C:\Windows\system32\wshunix.dll

JVMTI agents:
C:\Users\wogud\.gradle\wrapper\dists\gradle-8.14.4-bin\92wwslzcyst3phie3o264zltu\gradle-8.14.4\lib\agents\gradle-instrumentation-agent-8.14.4.jar path:C:\Users\wogud\.vscode\extensions\redhat.java-1.56.0-win32-x64\jre\21.0.12.1-win32-x86_64\bin\instrument.dll, loaded, initialized, instrumentlib options:none

dbghelp: loaded successfully - version: 4.0.5 - missing functions: none
symbol engine: initialized successfully - sym options: 0x614 - pdb path: .;C:\Users\wogud\.vscode\extensions\redhat.java-1.56.0-win32-x64\jre\21.0.12.1-win32-x86_64\bin;C:\Windows\SYSTEM32;C:\Windows\WinSxS\amd64_microsoft.windows.common-controls_6595b64144ccf1df_6.0.26100.8972_none_3e0da176e32f9d4b;C:\Users\wogud\.vscode\extensions\redhat.java-1.56.0-win32-x64\jre\21.0.12.1-win32-x86_64\bin\server;C:\Users\wogud\.gradle\native\1def1411415f61bf3af743bc5b6707747c0891f09f0c88961ee8f79bc544acac\windows-amd64;C:\Users\wogud\.gradle\native\0.2.7\x86_64-windows-gnu

VM Arguments:
jvm_args: --add-opens=java.base/java.lang=ALL-UNNAMED --add-opens=java.base/java.lang.invoke=ALL-UNNAMED --add-opens=java.base/java.util=ALL-UNNAMED --add-opens=java.prefs/java.util.prefs=ALL-UNNAMED --add-exports=jdk.compiler/com.sun.tools.javac.api=ALL-UNNAMED --add-exports=jdk.compiler/com.sun.tools.javac.util=ALL-UNNAMED --add-opens=java.base/java.util=ALL-UNNAMED --add-opens=java.prefs/java.util.prefs=ALL-UNNAMED --add-opens=java.base/java.nio.charset=ALL-UNNAMED --add-opens=java.base/java.net=ALL-UNNAMED --add-opens=java.base/java.util.concurrent.atomic=ALL-UNNAMED --add-opens=java.xml/javax.xml.namespace=ALL-UNNAMED -XX:MaxMetaspaceSize=384m -XX:+HeapDumpOnOutOfMemoryError -Xms256m -Xmx512m -Dfile.encoding=UTF-8 -Duser.country=KR -Duser.language=ko -Duser.variant -javaagent:C:\Users\wogud\.gradle\wrapper\dists\gradle-8.14.4-bin\92wwslzcyst3phie3o264zltu\gradle-8.14.4\lib\agents\gradle-instrumentation-agent-8.14.4.jar 
java_command: org.gradle.launcher.daemon.bootstrap.GradleDaemon 8.14.4
java_class_path (initial): C:\Users\wogud\.gradle\wrapper\dists\gradle-8.14.4-bin\92wwslzcyst3phie3o264zltu\gradle-8.14.4\lib\gradle-daemon-main-8.14.4.jar
Launcher Type: SUN_STANDARD

[Global flags]
     intx CICompilerCount                          = 4                                         {product} {ergonomic}
   size_t CompressedClassSpaceSize                 = 335544320                                 {product} {ergonomic}
     uint ConcGCThreads                            = 2                                         {product} {ergonomic}
     uint G1ConcRefinementThreads                  = 8                                         {product} {ergonomic}
   size_t G1HeapRegionSize                         = 1048576                                   {product} {ergonomic}
    uintx GCDrainStackTargetSize                   = 64                                        {product} {ergonomic}
     bool HeapDumpOnOutOfMemoryError               = true                                   {manageable} {command line}
   size_t InitialHeapSize                          = 268435456                                 {product} {command line}
   size_t MarkStackSize                            = 4194304                                   {product} {ergonomic}
   size_t MaxHeapSize                              = 536870912                                 {product} {command line}
   size_t MaxMetaspaceSize                         = 402653184                                 {product} {command line}
   size_t MaxNewSize                               = 321912832                                 {product} {ergonomic}
   size_t MinHeapDeltaBytes                        = 1048576                                   {product} {ergonomic}
   size_t MinHeapSize                              = 268435456                                 {product} {command line}
    uintx NonNMethodCodeHeapSize                   = 5839372                                {pd product} {ergonomic}
    uintx NonProfiledCodeHeapSize                  = 122909434                              {pd product} {ergonomic}
    uintx ProfiledCodeHeapSize                     = 122909434                              {pd product} {ergonomic}
    uintx ReservedCodeCacheSize                    = 251658240                              {pd product} {ergonomic}
     bool SegmentedCodeCache                       = true                                      {product} {ergonomic}
   size_t SoftMaxHeapSize                          = 536870912                              {manageable} {ergonomic}
     bool UseCompressedOops                        = true                           {product lp64_product} {ergonomic}
     bool UseG1GC                                  = true                                      {product} {ergonomic}
     bool UseLargePagesIndividualAllocation        = false                                  {pd product} {ergonomic}

Logging:
Log output configuration:
 #0: stdout all=warning uptime,level,tags foldmultilines=false
 #1: stderr all=off uptime,level,tags foldmultilines=false

Release file:
JAVA_VERSION="21.0.12.1" 
MODULES="java.base java.compiler java.datatransfer java.xml java.prefs java.desktop java.instrument java.logging java.management java.security.sasl java.naming java.rmi java.management.rmi java.net.http java.scripting java.security.jgss java.transaction.xa java.sql java.sql.rowset java.xml.crypto java.se java.smartcardio jdk.accessibility jdk.internal.jvmstat jdk.attach jdk.charsets jdk.internal.opt jdk.zipfs jdk.compiler jdk.crypto.ec jdk.crypto.cryptoki jdk.crypto.mscapi jdk.dynalink jdk.internal.ed jdk.editpad jdk.hotspot.agent jdk.httpserver jdk.internal.le jdk.internal.vm.ci jdk.internal.vm.compiler jdk.internal.vm.compiler.management jdk.jartool jdk.javadoc jdk.jcmd jdk.management jdk.management.agent jdk.jconsole jdk.jdeps jdk.jdwp.agent jdk.jdi jdk.jfr jdk.jshell jdk.jsobject jdk.jstatd jdk.localedata jdk.management.jfr jdk.naming.dns jdk.naming.rmi jdk.net jdk.nio.mapmode jdk.random jdk.sctp jdk.security.auth jdk.security.jgss jdk.unsupported jdk.unsupported.desktop jdk.xml.dom" 

Environment Variables:
JAVA_HOME=C:\Program Files\Java\jdk-21.0.10
PATH=C:\Program Files\Common Files\Oracle\Java\javapath;C:\Program Files\Eclipse Adoptium\jdk-21.0.10.7-hotspot\bin;C:\Windows\system32;C:\Windows;C:\Windows\System32\Wbem;C:\Windows\System32\WindowsPowerShell\v1.0\;C:\Windows\System32\OpenSSH\;C:\Program Files\dotnet\;C:\Program Files\nodejs\;C:\Program Files\Git\cmd;C:\Users\wogud\AppData\Local\Programs\Python\Python313\Scripts\;C:\Users\wogud\AppData\Local\Programs\Python\Python313\;C:\Users\wogud\AppData\Local\Programs\Python\Launcher\;C:\Users\wogud\AppData\Local\Microsoft\WindowsApps;C:\Users\wogud\AppData\Local\Programs\Microsoft VS Code\bin;C:\Users\wogud\.dotnet\tools;C:\Users\wogud\AppData\Roaming\npm
USERNAME=wogud
OS=Windows_NT
PROCESSOR_IDENTIFIER=Intel64 Family 6 Model 189 Stepping 1, GenuineIntel
TMP=C:\Users\wogud\AppData\Local\Temp
TEMP=C:\Users\wogud\AppData\Local\Temp




Periodic native trim disabled

---------------  S Y S T E M  ---------------

OS:
 Windows 11 , 64 bit Build 26100 (10.0.26100.9168)
OS uptime: 9 days 16:55 hours
Hyper-V role detected

CPU: total 8 (initial active 8) (8 cores per cpu, 1 threads per core) family 6 model 189 stepping 1 microcode 0x125, cx8, cmov, fxsr, mmx, 3dnowpref, sse, sse2, sse3, ssse3, sse4.1, sse4.2, popcnt, lzcnt, tsc, tscinvbit, avx, avx2, aes, erms, clmul, bmi1, bmi2, adx, sha, fma, vzeroupper, clflush, clflushopt, clwb, hv, serialize, rdtscp, rdpid, fsrm, f16c, cet_ibt, cet_ss
Processor Information for processor 0
  Max Mhz: 2200, Current Mhz: 2200, Mhz Limit: 2200
Processor Information for processor 1
  Max Mhz: 2200, Current Mhz: 2200, Mhz Limit: 2200
Processor Information for processor 2
  Max Mhz: 2200, Current Mhz: 2200, Mhz Limit: 2200
Processor Information for processor 3
  Max Mhz: 2200, Current Mhz: 2200, Mhz Limit: 2200
Processor Information for processor 4
  Max Mhz: 2200, Current Mhz: 2000, Mhz Limit: 2200
Processor Information for processor 5
  Max Mhz: 2200, Current Mhz: 2200, Mhz Limit: 2200
Processor Information for processor 6
  Max Mhz: 2200, Current Mhz: 2200, Mhz Limit: 2200
Processor Information for processor 7
  Max Mhz: 2200, Current Mhz: 2000, Mhz Limit: 2200

Memory: 4k page, system-wide physical 15914M (1030M free)
TotalPageFile size 65066M (AvailPageFile size 0M)
current process WorkingSet (physical memory assigned to process): 172M, peak: 312M
current process commit charge ("private bytes"): 473M, peak: 475M

vm_info: OpenJDK 64-Bit Server VM (21.0.12.1+1-LTS) for windows-amd64 JRE (21.0.12.1+1-LTS), built on 2026-08-18T00:00:00Z by "admin" with MS VC++ 17.12 (VS2022)

END.
